center_1,left_1, right_1,0,0,7.82E-05
center_2,left_2, right_2,0,0,7.92E-05
center_3,left_3, right_3,0,0,7.84E-05
center_4,left_4, right_4,0,0,7.86E-05
center_5,left_5, right_5,0,0,7.84E-05
center_6,left_6, right_6,0,0,7.84E-05
center_7,left_7, right_7,0,0,7.89E-05
center_8,left_8, right_8,0,0,8.05E-05
center_9,left_9, right_9,0,0,7.82E-05
center_10,left_10, right_10,0,0,7.77E-05
center_11,left_11, right_11,0,0,8.04E-05
center_12,left_12, right_12,0,0,7.95E-05
center_13,left_13, right_13,0,0,7.90E-05
center_14,left_14, right_14,0,0,7.93E-05
center_15,left_15, right_15,0,0,7.86E-05
center_16,left_16, right_16,0,0,7.98E-05
center_17,left_17, right_17,0,0,7.82E-05
center_18,left_18, right_18,0,0,7.82E-05
center_19,left_19, right_19,0,0,8.00E-05
center_20,left_20, right_20,0,0,7.82E-05
center_21,left_21, right_21,0,0,7.81E-05
center_22,left_22, right_22,0,0,7.77E-05
center_23,left_23, right_23,0,0,7.79E-05
center_24,left_24, right_24,0,0,7.78E-05
center_25,left_25, right_25,0,0,7.82E-05
center_26,left_26, right_26,0,0.1098504,0.05789659
center_27,left_27, right_27,0,0.4173625,0.4978991
center_28,left_28, right_28,0,0.7296896,1.404052
center_29,left_29, right_29,0,1,2.582273
center_30,left_30, right_30,0,1,3.990115
center_31,left_31, right_31,0,1,5.619394
center_32,left_32, right_32,-0.193089,1,7.212339
center_33,left_33, right_33,-0.3027871,1,8.533887
center_34,left_34, right_34,0,1,10.09134
center_35,left_35, right_35,0,1,11.51603
center_36,left_36, right_36,0,1,12.97257
center_37,left_37, right_37,-0.1029146,1,14.00193
center_38,left_38, right_38,-0.4443268,1,15.08952
center_39,left_39, right_39,-0.1167777,1,16.35929
center_40,left_40, right_40,0,1,17.94951
center_41,left_41, right_41,0,1,19.17784
center_42,left_42, right_42,-0.5397391,1,20.56579
center_43,left_43, right_43,-0.228231,1,21.78491
center_44,left_44, right_44,0,1,22.7737
center_45,left_45, right_45,0,1,23.73454
center_46,left_46, right_46,0,1,25.09384
center_47,left_47, right_47,0,1,26.04639
center_48,left_48, right_48,0,1,27.17978
center_49,left_49, right_49,-0.32127,1,28.03981
center_50,left_50, right_50,-0.4613485,1,29.04484
center_51,left_51, right_51,-0.1589127,1,29.97799
center_52,left_52, right_52,0,1,30.1882
center_53,left_53, right_53,0,1,30.19072
center_54,left_54, right_54,-0.3904531,1,30.15792
center_55,left_55, right_55,-0.6909335,1,30.12526
center_56,left_56, right_56,-0.3806734,1,30.19112
center_57,left_57, right_57,-0.04932404,1,30.19172
center_58,left_58, right_58,0,1,30.19039
center_59,left_59, right_59,0,1,30.19029
center_60,left_60, right_60,0,1,30.19031
center_61,left_61, right_61,0,1,30.19034
center_62,left_62, right_62,0,1,30.19028
center_63,left_63, right_63,0,1,30.19027
center_64,left_64, right_64,0,1,30.19031
center_65,left_65, right_65,0,1,30.19035
center_66,left_66, right_66,0,1,30.19073
center_67,left_67, right_67,0,1,30.19034
center_68,left_68, right_68,0,1,30.19032
center_69,left_69, right_69,0,1,30.19028
center_70,left_70, right_70,0,1,30.19029
center_71,left_71, right_71,0,1,30.19027
center_72,left_72, right_72,0,1,30.19039
center_73,left_73, right_73,0,1,30.19028
center_74,left_74, right_74,0,1,30.19034
center_75,left_75, right_75,-0.2260551,1,30.18166
center_76,left_76, right_76,0,1,30.18985
center_77,left_77, right_77,0,1,30.19022
center_78,left_78, right_78,0,1,30.19031
center_79,left_79, right_79,-0.3756688,1,30.16819
center_80,left_80, right_80,-0.7553966,1,30.11915
center_81,left_81, right_81,-0.3358856,1,30.19683
center_82,left_82, right_82,-0.01682067,1,30.18885
center_83,left_83, right_83,0,1,30.18957
center_84,left_84, right_84,0.4179304,1,30.14749
center_85,left_85, right_85,0.1417294,1,30.18986
center_86,left_86, right_86,0,1,30.18985
center_87,left_87, right_87,0,1,30.19033
center_88,left_88, right_88,0,1,30.19032
center_89,left_89, right_89,0,1,30.19029
center_90,left_90, right_90,0,1,30.19029
center_91,left_91, right_91,0,1,30.19028
center_92,left_92, right_92,-0.3175349,1,30.17074
center_93,left_93, right_93,0,1,30.18996
center_94,left_94, right_94,0,1,30.19016
center_95,left_95, right_95,0,1,30.19031
center_96,left_96, right_96,0,1,30.19028
center_97,left_97, right_97,0,1,30.19031
center_98,left_98, right_98,-0.4652789,1,30.15441
center_99,left_99, right_99,-0.06609035,1,30.18908
center_100,left_100, right_100,0,1,30.18957
center_101,left_101, right_101,0,1,30.19026
center_102,left_102, right_102,0,1,30.1903
center_103,left_103, right_103,0,1,30.19022
center_104,left_104, right_104,0,1,30.1903
center_105,left_105, right_105,0,1,30.19033
center_106,left_106, right_106,0,1,30.19031
center_107,left_107, right_107,0,1,30.1903
center_108,left_108, right_108,-0.380358,1,30.16685
center_109,left_109, right_109,-0.01850367,1,30.18704
center_110,left_110, right_110,0,1,30.19008
center_111,left_111, right_111,0,1,30.19029
center_112,left_112, right_112,0,1,30.19033
center_113,left_113, right_113,0,1,30.19031
center_114,left_114, right_114,0,1,30.19031
center_115,left_115, right_115,0,1,30.19029
center_116,left_116, right_116,0,1,30.19028
center_117,left_117, right_117,0,1,30.19029
center_118,left_118, right_118,-0.3159449,1,30.1745
center_119,left_119, right_119,-0.4052846,1,30.18028
center_120,left_120, right_120,-0.0123446,1,30.18584
center_121,left_121, right_121,0,1,30.19011
center_122,left_122, right_122,0,1,30.19009
center_123,left_123, right_123,0,1,30.19031
center_124,left_124, right_124,0,1,30.19026
center_125,left_125, right_125,0,1,30.19004
center_126,left_126, right_126,0,1,30.18992
center_127,left_127, right_127,0,1,30.18997
center_128,left_128, right_128,0,1,30.19
center_129,left_129, right_129,0,1,30.19004
center_130,left_130, right_130,0,1,30.18897
center_131,left_131, right_131,0,1,30.19029
center_132,left_132, right_132,0,1,30.18933
center_133,left_133, right_133,0,1,30.19044
center_134,left_134, right_134,0,1,30.19036
center_135,left_135, right_135,0,1,30.19036
center_136,left_136, right_136,0,1,30.19038
center_137,left_137, right_137,0,1,30.19037
center_138,left_138, right_138,0,1,30.19038
center_139,left_139, right_139,0,1,30.19036
center_140,left_140, right_140,0,1,30.19098
center_141,left_141, right_141,0,1,30.19063
center_142,left_142, right_142,0,1,30.19072
center_143,left_143, right_143,0,1,30.19039
center_144,left_144, right_144,0,1,30.19018
center_145,left_145, right_145,0,1,30.19016
center_146,left_146, right_146,0,1,30.19034
center_147,left_147, right_147,0,1,30.1903
center_148,left_148, right_148,-0.3404732,1,30.16816
center_149,left_149, right_149,-0.005991697,1,30.18993
center_150,left_150, right_150,0,1,30.19024
center_151,left_151, right_151,0,1,30.19024
center_152,left_152, right_152,0,1,30.19027
center_153,left_153, right_153,0,1,30.19025
center_154,left_154, right_154,-0.3109016,1,30.17208
center_155,left_155, right_155,-0.5175927,1,30.15505
center_156,left_156, right_156,-0.1167834,1,30.19085
center_157,left_157, right_157,0,1,30.18982
center_158,left_158, right_158,0,1,30.19025
center_159,left_159, right_159,0,1,30.1903
center_160,left_160, right_160,0.1054173,1,30.18629
center_161,left_161, right_161,0.5234277,1,30.14566
center_162,left_162, right_162,0.1362205,1,30.19169
center_163,left_163, right_163,0,1,30.18931
center_164,left_164, right_164,0,1,30.1903
center_165,left_165, right_165,-0.307482,1,30.17074
center_166,left_166, right_166,-0.006071806,1,30.18964
center_167,left_167, right_167,0,1,30.19012
center_168,left_168, right_168,0,1,30.19027
center_169,left_169, right_169,0,1,30.1903
center_170,left_170, right_170,0,1,30.19028
center_171,left_171, right_171,0,1,30.19029
center_172,left_172, right_172,0,1,30.19029
center_173,left_173, right_173,0,1,30.19044
center_174,left_174, right_174,0,1,30.19029
center_175,left_175, right_175,0,1,30.19043
center_176,left_176, right_176,0,1,30.19029
center_177,left_177, right_177,0,1,30.1903
center_178,left_178, right_178,0,1,30.1903
center_179,left_179, right_179,0,1,30.19029
center_180,left_180, right_180,0,1,30.19029
center_181,left_181, right_181,-0.06115794,1,30.18942
center_182,left_182, right_182,0,1,30.19028
center_183,left_183, right_183,0,1,30.1903
center_184,left_184, right_184,0,1,30.19029
center_185,left_185, right_185,0,1,30.19031
center_186,left_186, right_186,0,1,30.19076
center_187,left_187, right_187,-0.3130352,1,30.17349
center_188,left_188, right_188,-0.007083178,1,30.19063
center_189,left_189, right_189,0,1,30.18986
center_190,left_190, right_190,0,1,30.19014
center_191,left_191, right_191,0,1,30.19017
center_192,left_192, right_192,0,1,30.19019
center_193,left_193, right_193,-0.4387085,1,30.15851
center_194,left_194, right_194,-0.03186107,1,30.18851
center_195,left_195, right_195,0,1,30.19053
center_196,left_196, right_196,0,1,30.19042
center_197,left_197, right_197,0.09960866,1,30.18614
center_198,left_198, right_198,0,1,30.19022
center_199,left_199, right_199,0,1,30.19031
center_200,left_200, right_200,0,1,30.19031
center_201,left_201, right_201,0,1,30.19029
center_202,left_202, right_202,0.2300248,1,30.1813
center_203,left_203, right_203,0,1,30.18989
center_204,left_204, right_204,0,1,30.19025
center_205,left_205, right_205,0,1,30.19031
center_206,left_206, right_206,0,1,30.19031
center_207,left_207, right_207,0,1,30.19028
center_208,left_208, right_208,0,1,30.19023
center_209,left_209, right_209,0,1,30.1903
center_210,left_210, right_210,0,1,30.1902
center_211,left_211, right_211,0,1,30.1903
center_212,left_212, right_212,0,1,30.19028
center_213,left_213, right_213,0,1,30.19032
center_214,left_214, right_214,0,1,30.1903
center_215,left_215, right_215,0,1,30.19031
center_216,left_216, right_216,0,1,30.1903
center_217,left_217, right_217,0,1,30.19031
center_218,left_218, right_218,0,1,30.19029
center_219,left_219, right_219,0,1,30.1903
center_220,left_220, right_220,0,1,30.19032
center_221,left_221, right_221,0,1,30.1903
center_222,left_222, right_222,0,1,30.19027
center_223,left_223, right_223,0,1,30.19053
center_224,left_224, right_224,-0.3520675,1,30.16832
center_225,left_225, right_225,-0.05107713,1,30.19077
center_226,left_226, right_226,0,1,30.19014
center_227,left_227, right_227,0,1,30.19027
center_228,left_228, right_228,0,1,30.1903
center_229,left_229, right_229,0,1,30.19033
center_230,left_230, right_230,0,1,30.19028
center_231,left_231, right_231,0,1,30.1903
center_232,left_232, right_232,0,1,30.19031
center_233,left_233, right_233,0,1,30.19044
center_234,left_234, right_234,0,1,30.19031
center_235,left_235, right_235,0,1,30.19037
center_236,left_236, right_236,0,1,30.1903
center_237,left_237, right_237,0,1,30.1903
center_238,left_238, right_238,0,1,30.19031
center_239,left_239, right_239,0,1,30.19031
center_240,left_240, right_240,0,1,30.19051
center_241,left_241, right_241,0,1,30.19034
center_242,left_242, right_242,0,1,30.19037
center_243,left_243, right_243,0,1,30.19021
center_244,left_244, right_244,0,1,30.19021
center_245,left_245, right_245,0,1,30.1902
center_246,left_246, right_246,0,1,30.19004
center_247,left_247, right_247,0,1,30.19025
center_248,left_248, right_248,-0.3059013,1,30.17211
center_249,left_249, right_249,0,1,30.18939
center_250,left_250, right_250,0,1,30.19027
center_251,left_251, right_251,0,1,30.19033
center_252,left_252, right_252,0,1,30.19033
center_253,left_253, right_253,0,1,30.19032
center_254,left_254, right_254,0,1,30.19035
center_255,left_255, right_255,0,1,30.19037
center_256,left_256, right_256,0,1,30.19032
center_257,left_257, right_257,0,1,30.19032
center_258,left_258, right_258,0,1,30.19019
center_259,left_259, right_259,0,1,30.19043
center_260,left_260, right_260,0,1,30.19011
center_261,left_261, right_261,0,1,30.19019
center_262,left_262, right_262,-0.3872316,1,30.16652
center_263,left_263, right_263,-0.363945,1,30.18893
center_264,left_264, right_264,0,1,30.18628
center_265,left_265, right_265,0,1,30.19015
center_266,left_266, right_266,0,1,30.18992
center_267,left_267, right_267,0,1,30.19032
center_268,left_268, right_268,0.3079469,1,30.17129
center_269,left_269, right_269,0.003983259,1,30.18974
center_270,left_270, right_270,0,1,30.19014
center_271,left_271, right_271,0,1,30.19037
center_272,left_272, right_272,0,1,30.18991
center_273,left_273, right_273,0,1,30.19008
center_274,left_274, right_274,0,1,30.18971
center_275,left_275, right_275,0,1,30.18991
center_276,left_276, right_276,0,1,30.18996
center_277,left_277, right_277,0.2188497,1,30.18361
center_278,left_278, right_278,0,1,30.18955
center_279,left_279, right_279,0,1,30.19006
center_280,left_280, right_280,0,1,30.19019
center_281,left_281, right_281,0,1,30.19001
center_282,left_282, right_282,0,1,30.19038
center_283,left_283, right_283,0,1,30.19021
center_284,left_284, right_284,0,1,30.19042
center_285,left_285, right_285,0,1,30.19039
center_286,left_286, right_286,0,1,30.1904
center_287,left_287, right_287,0,1,30.19038
center_288,left_288, right_288,0,1,30.19038
center_289,left_289, right_289,0,1,30.19036
center_290,left_290, right_290,0,1,30.19039
center_291,left_291, right_291,0,1,30.19035
center_292,left_292, right_292,0,1,30.19038
center_293,left_293, right_293,0,1,30.19063
center_294,left_294, right_294,0,1,30.19055
center_295,left_295, right_295,0,1,30.19076
center_296,left_296, right_296,0,1,30.19059
center_297,left_297, right_297,0,1,30.19055
center_298,left_298, right_298,0,1,30.19035
center_299,left_299, right_299,0,1,30.19037
center_300,left_300, right_300,0,1,30.18993
center_301,left_301, right_301,0,1,30.19033
center_302,left_302, right_302,0,1,30.19031
center_303,left_303, right_303,0,1,30.19028
center_304,left_304, right_304,0,1,30.19023
center_305,left_305, right_305,0,1,30.19031
center_306,left_306, right_306,0,1,30.19032
center_307,left_307, right_307,0,1,30.19026
center_308,left_308, right_308,-0.1371839,1,30.19072
center_309,left_309, right_309,0,1,30.18994
center_310,left_310, right_310,0,1,30.19027
center_311,left_311, right_311,0,1,30.19029
center_312,left_312, right_312,0,1,30.19034
center_313,left_313, right_313,-0.07937407,1,30.18854
center_314,left_314, right_314,0,1,30.19017
center_315,left_315, right_315,0,1,30.19033
center_316,left_316, right_316,0,1,30.18989
center_317,left_317, right_317,0,1,30.18937
center_318,left_318, right_318,0,1,30.18983
center_319,left_319, right_319,-0.3351538,1,30.16861
center_320,left_320, right_320,-0.02967525,1,30.19008
center_321,left_321, right_321,0,1,30.18993
center_322,left_322, right_322,0,1,30.19013
center_323,left_323, right_323,0,1,30.19015
center_324,left_324, right_324,-0.06750584,1,30.18917
center_325,left_325, right_325,-0.2790813,1,30.17991
center_326,left_326, right_326,0,1,30.1895
center_327,left_327, right_327,0,1,30.19044
center_328,left_328, right_328,0,1,30.19006
center_329,left_329, right_329,0,1,30.19025
center_330,left_330, right_330,-0.3050215,1,30.17415
center_331,left_331, right_331,-0.3849807,1,30.1849
center_332,left_332, right_332,-0.04462481,1,30.19145
center_333,left_333, right_333,0,1,30.19072
center_334,left_334, right_334,0,1,30.19103
center_335,left_335, right_335,0,1,30.19059
center_336,left_336, right_336,0,1,30.19037
center_337,left_337, right_337,0.2225855,1,30.18316
center_338,left_338, right_338,0,1,30.18983
center_339,left_339, right_339,0,1,30.1903
center_340,left_340, right_340,0,1,30.19036
center_341,left_341, right_341,0,1,30.19035
center_342,left_342, right_342,0,1,30.1903
center_343,left_343, right_343,0,1,30.19028
center_344,left_344, right_344,0,1,30.1905
center_345,left_345, right_345,0,1,30.19029
center_346,left_346, right_346,0,1,30.19065
center_347,left_347, right_347,0,1,30.19031
center_348,left_348, right_348,0,1,30.19031
center_349,left_349, right_349,-0.3121233,1,30.17041
center_350,left_350, right_350,0,1,30.18929
center_351,left_351, right_351,0,1,30.19023
center_352,left_352, right_352,0,1,30.1903
center_353,left_353, right_353,0,1,30.19033
center_354,left_354, right_354,0,1,30.19009
center_355,left_355, right_355,0,1,30.19027
center_356,left_356, right_356,-0.1261683,1,30.18606
center_357,left_357, right_357,0,1,30.19029
center_358,left_358, right_358,0,1,30.1903
center_359,left_359, right_359,0,1,30.1903
center_360,left_360, right_360,-0.1343608,1,30.18567
center_361,left_361, right_361,-0.363179,1,30.17129
center_362,left_362, right_362,0,1,30.18806
center_363,left_363, right_363,0,1,30.18916
center_364,left_364, right_364,-0.1655345,1,30.19095
center_365,left_365, right_365,0,1,30.18985
center_366,left_366, right_366,0,1,30.19037
center_367,left_367, right_367,-0.06718469,1,30.18951
center_368,left_368, right_368,-0.3954205,1,30.16513
center_369,left_369, right_369,-1.72E-05,1,30.18891
center_370,left_370, right_370,0,1,30.18998
center_371,left_371, right_371,0,1,30.1903
center_372,left_372, right_372,0,1,30.19043
center_373,left_373, right_373,0,1,30.19024
center_374,left_374, right_374,0,1,30.1903
center_375,left_375, right_375,-0.3573003,1,30.16811
center_376,left_376, right_376,-0.007506609,1,30.1898
center_377,left_377, right_377,0,1,30.19024
center_378,left_378, right_378,0,1,30.19028
center_379,left_379, right_379,0,1,30.19028
center_380,left_380, right_380,0,1,30.19028
center_381,left_381, right_381,-0.3119102,1,30.17237
center_382,left_382, right_382,-0.6230192,1,30.13277
center_383,left_383, right_383,-0.2466509,1,30.19412
center_384,left_384, right_384,0,1,30.18922
center_385,left_385, right_385,0,1,30.19024
center_386,left_386, right_386,0,1,30.19034
center_387,left_387, right_387,0,1,30.1899
center_388,left_388, right_388,0,1,30.19031
center_389,left_389, right_389,0,1,30.19032
center_390,left_390, right_390,0,1,30.1903
center_391,left_391, right_391,-0.05689788,1,30.18952
center_392,left_392, right_392,-0.2369614,1,30.18548
center_393,left_393, right_393,0,1,30.18994
center_394,left_394, right_394,0,1,30.19027
center_395,left_395, right_395,0,1,30.1903
center_396,left_396, right_396,0,1,30.19028
center_397,left_397, right_397,-0.3006599,1,30.16576
center_398,left_398, right_398,0,1,30.18992
center_399,left_399, right_399,0,1,30.19025
center_400,left_400, right_400,0,1,30.18979
center_401,left_401, right_401,0,1,30.18992
center_402,left_402, right_402,-0.3068304,1,30.172
center_403,left_403, right_403,-0.7057915,1,30.12143
center_404,left_404, right_404,-0.3205132,1,30.19536
center_405,left_405, right_405,0,1,30.1873
center_406,left_406, right_406,0,1,30.18989
center_407,left_407, right_407,0,1,30.19041
center_408,left_408, right_408,0,1,30.19052
center_409,left_409, right_409,0,1,30.19047
center_410,left_410, right_410,0,1,30.19069
center_411,left_411, right_411,0,1,30.18986
center_412,left_412, right_412,0,1,30.18992
center_413,left_413, right_413,-0.1099741,1,30.18686
center_414,left_414, right_414,0,1,30.19005
center_415,left_415, right_415,0,1,30.19011
center_416,left_416, right_416,0,1,30.19012
center_417,left_417, right_417,-0.3570807,1,30.16997
center_418,left_418, right_418,-0.4335423,1,30.17727
center_419,left_419, right_419,-0.1117022,1,30.19297
center_420,left_420, right_420,0,1,30.18939
center_421,left_421, right_421,0,1,30.19056
center_422,left_422, right_422,0,1,30.19023
center_423,left_423, right_423,0,1,30.19054
center_424,left_424, right_424,0,1,30.18997
center_425,left_425, right_425,0,1,30.19024
center_426,left_426, right_426,0,1,30.19032
center_427,left_427, right_427,0,1,30.1903
center_428,left_428, right_428,0,1,30.19029
center_429,left_429, right_429,0,1,30.1903
center_430,left_430, right_430,0,1,30.19045
center_431,left_431, right_431,0,1,30.1903
center_432,left_432, right_432,0,1,30.19053
center_433,left_433, right_433,0,1,30.1903
center_434,left_434, right_434,0,1,30.19034
center_435,left_435, right_435,0,1,30.19029
center_436,left_436, right_436,-0.3114388,1,30.17167
center_437,left_437, right_437,0,1,30.18977
center_438,left_438, right_438,0,1,30.19041
center_439,left_439, right_439,0,1,30.19017
center_440,left_440, right_440,0,1,30.18995
center_441,left_441, right_441,-0.3180571,1,30.17239
center_442,left_442, right_442,0,1,30.18804
center_443,left_443, right_443,0,1,30.19022
center_444,left_444, right_444,0,1,30.19071
center_445,left_445, right_445,0,1,30.19035
center_446,left_446, right_446,0,1,30.19064
center_447,left_447, right_447,0,1,30.19017
center_448,left_448, right_448,0,1,30.1903
center_449,left_449, right_449,0,1,30.19029
center_450,left_450, right_450,0,1,30.19029
center_451,left_451, right_451,0,1,30.19033
center_452,left_452, right_452,0,1,30.1906
center_453,left_453, right_453,0,1,30.19014
center_454,left_454, right_454,0,1,30.18995
center_455,left_455, right_455,-0.3247676,1,30.1703
center_456,left_456, right_456,-0.01958299,1,30.19016
center_457,left_457, right_457,0,1,30.19013
center_458,left_458, right_458,0,1,30.19033
center_459,left_459, right_459,0,1,30.19035
center_460,left_460, right_460,0,1,30.19024
center_461,left_461, right_461,0,1,30.19028
center_462,left_462, right_462,0,1,30.19
center_463,left_463, right_463,0,1,30.19021
center_464,left_464, right_464,0,1,30.19024
center_465,left_465, right_465,0,1,30.19026
center_466,left_466, right_466,-0.1483476,1,30.18346
center_467,left_467, right_467,0,1,30.19024
center_468,left_468, right_468,0,1,30.18999
center_469,left_469, right_469,0,1,30.19022
center_470,left_470, right_470,0,1,30.1907
center_471,left_471, right_471,-0.06235528,1,30.18934
center_472,left_472, right_472,-0.298866,1,30.17805
center_473,left_473, right_473,0,1,30.18934
center_474,left_474, right_474,0,1,30.19066
center_475,left_475, right_475,0,1,30.19025
center_476,left_476, right_476,0,1,30.1907
center_477,left_477, right_477,0,1,30.19013
center_478,left_478, right_478,0,1,30.19029
center_479,left_479, right_479,0,1,30.19029
center_480,left_480, right_480,0,1,30.1903
center_481,left_481, right_481,0,1,30.19031
center_482,left_482, right_482,0,1,30.1903
center_483,left_483, right_483,0,1,30.33114
center_484,left_484, right_484,0,1,30.17472
center_485,left_485, right_485,0,1,30.24779
center_486,left_486, right_486,0,1,30.18838
center_487,left_487, right_487,0,1,30.1898
center_488,left_488, right_488,0,1,30.18992
center_489,left_489, right_489,0,1,30.18989
center_490,left_490, right_490,0,1,30.18989
center_491,left_491, right_491,0,1,30.18988
center_492,left_492, right_492,0,1,30.1899
center_493,left_493, right_493,0,1,30.18991
center_494,left_494, right_494,0,1,30.18989
center_495,left_495, right_495,0,1,30.18991
center_496,left_496, right_496,0,1,30.18989
center_497,left_497, right_497,0,1,30.18988
center_498,left_498, right_498,0,1,30.1899
center_499,left_499, right_499,0,1,30.18988
center_500,left_500, right_500,0,1,30.18989
center_501,left_501, right_501,-0.2087488,1,30.18272
center_502,left_502, right_502,0,1,30.18955
center_503,left_503, right_503,0,1,30.18994
center_504,left_504, right_504,0,1,30.18999
center_505,left_505, right_505,0,1,30.19
center_506,left_506, right_506,0,1,30.18996
center_507,left_507, right_507,0,1,30.18997
center_508,left_508, right_508,0,1,30.18998
center_509,left_509, right_509,0,1,30.18999
center_510,left_510, right_510,0,1,30.18999
center_511,left_511, right_511,0,1,30.18997
center_512,left_512, right_512,0,1,30.18998
center_513,left_513, right_513,0,1,30.18998
center_514,left_514, right_514,0,1,30.18998
center_515,left_515, right_515,0,1,30.18998
center_516,left_516, right_516,0,1,30.18997
center_517,left_517, right_517,0,1,30.19
center_518,left_518, right_518,0,1,30.18996
center_519,left_519, right_519,0,1,30.18999
center_520,left_520, right_520,0,1,30.18997
center_521,left_521, right_521,0,1,30.18999
center_522,left_522, right_522,0,1,30.19002
center_523,left_523, right_523,0,1,30.19
center_524,left_524, right_524,0,1,30.18999
center_525,left_525, right_525,0,1,30.18998
center_526,left_526, right_526,0,1,30.18999
center_527,left_527, right_527,0,1,30.18997
center_528,left_528, right_528,0,1,30.18999
center_529,left_529, right_529,0,1,30.19
center_530,left_530, right_530,0,1,30.19
center_531,left_531, right_531,0,1,30.18998
center_532,left_532, right_532,0,1,30.18998
center_533,left_533, right_533,0,1,30.18998
center_534,left_534, right_534,0,1,30.18999
center_535,left_535, right_535,0,1,30.18999
center_536,left_536, right_536,0,1,30.18999
center_537,left_537, right_537,0,1,30.18998
center_538,left_538, right_538,0,1,30.18997
center_539,left_539, right_539,0,1,30.19001
center_540,left_540, right_540,0,1,30.18998
center_541,left_541, right_541,0,1,30.18998
center_542,left_542, right_542,0,1,30.18997
center_543,left_543, right_543,0,1,30.19
center_544,left_544, right_544,0,1,30.18998
center_545,left_545, right_545,0,1,30.18999
center_546,left_546, right_546,0,1,30.18998
center_547,left_547, right_547,0,1,30.18997
center_548,left_548, right_548,0,1,30.18999
center_549,left_549, right_549,0,1,30.19
center_550,left_550, right_550,0,1,30.18999
center_551,left_551, right_551,0,1,30.18998
center_552,left_552, right_552,0,1,30.18998
center_553,left_553, right_553,0,1,30.06103
center_554,left_554, right_554,0,1,30.19965
center_555,left_555, right_555,0,1,30.13598
center_556,left_556, right_556,0,1,29.93442
center_557,left_557, right_557,0,1,30.18963
center_558,left_558, right_558,0,1,30.19049
center_559,left_559, right_559,0,1,30.19058
center_560,left_560, right_560,0,1,30.19035
center_561,left_561, right_561,0,1,30.19028
center_562,left_562, right_562,0,1,30.19029
center_563,left_563, right_563,0,1,30.1903
center_564,left_564, right_564,0,1,30.19022
center_565,left_565, right_565,0,1,30.19028
center_566,left_566, right_566,0,1,30.19014
center_567,left_567, right_567,0,1,30.19028
center_568,left_568, right_568,0,1,30.19029
center_569,left_569, right_569,-0.1252792,1,30.18826
center_570,left_570, right_570,0,1,30.18968
center_571,left_571, right_571,0,1,30.19008
center_572,left_572, right_572,0,1,30.18987
center_573,left_573, right_573,-0.3125196,1,30.17175
center_574,left_574, right_574,0,1,30.18956
center_575,left_575, right_575,0,1,30.18991
center_576,left_576, right_576,0,1,30.19088
center_577,left_577, right_577,0,1,30.18993
center_578,left_578, right_578,-0.3171179,1,30.17237
center_579,left_579, right_579,-0.7236507,1,30.11899
center_580,left_580, right_580,-0.3832319,1,30.19261
center_581,left_581, right_581,-0.02339387,1,30.18992
center_582,left_582, right_582,0,1,30.19062
center_583,left_583, right_583,0,1,30.19034
center_584,left_584, right_584,0,1,30.19056
center_585,left_585, right_585,0,1,30.18967
center_586,left_586, right_586,0,1,30.19
center_587,left_587, right_587,-0.4036289,1,30.15256
center_588,left_588, right_588,-0.03365707,1,30.18932
center_589,left_589, right_589,0,1,30.18963
center_590,left_590, right_590,0,1,30.19028
center_591,left_591, right_591,0,1,30.19061
center_592,left_592, right_592,-0.3655951,1,30.16314
center_593,left_593, right_593,-0.719244,1,30.1201
center_594,left_594, right_594,-0.3634923,1,30.19358
center_595,left_595, right_595,-0.04542875,1,30.18994
center_596,left_596, right_596,0,1,30.19001
center_597,left_597, right_597,0,1,30.19028
center_598,left_598, right_598,0,1,30.19039
center_599,left_599, right_599,-0.362817,1,30.16326
center_600,left_600, right_600,-0.0119226,1,30.18833
center_601,left_601, right_601,-0.3827198,1,30.16746
center_602,left_602, right_602,-0.7445619,1,30.1201
center_603,left_603, right_603,-0.3763061,1,30.19447
center_604,left_604, right_604,-0.1987181,1,30.19119
center_605,left_605, right_605,-0.5072801,1,30.16224
center_606,left_606, right_606,-0.1379378,1,30.19353
center_607,left_607, right_607,0,1,30.18991
center_608,left_608, right_608,0,1,30.19031
center_609,left_609, right_609,0,1,30.19035
center_610,left_610, right_610,0,1,30.19032
center_611,left_611, right_611,0,1,30.1903
center_612,left_612, right_612,0,1,30.19032
center_613,left_613, right_613,0,1,30.19031
center_614,left_614, right_614,-0.3806098,1,30.15714
center_615,left_615, right_615,0,1,30.18917
center_616,left_616, right_616,0,1,30.19023
center_617,left_617, right_617,0,1,30.1903
center_618,left_618, right_618,0,1,30.19031
center_619,left_619, right_619,-0.1042385,1,30.18677
center_620,left_620, right_620,-0.2606549,1,30.18518
center_621,left_621, right_621,-0.609885,1,30.13971
center_622,left_622, right_622,-0.2543521,1,30.19424
center_623,left_623, right_623,0,1,30.18822
center_624,left_624, right_624,0,1,30.19016
center_625,left_625, right_625,0,1,30.1903
center_626,left_626, right_626,0.3228929,1,30.16891
center_627,left_627, right_627,0.01232386,1,30.18931
center_628,left_628, right_628,0,1,30.18982
center_629,left_629, right_629,0,1,30.19027
center_630,left_630, right_630,0,1,30.19028
center_631,left_631, right_631,0,1,30.19031
center_632,left_632, right_632,0,1,30.19038
center_633,left_633, right_633,0,1,30.19031
center_634,left_634, right_634,0,1,30.19028
center_635,left_635, right_635,0,1,30.19027
center_636,left_636, right_636,0,1,30.1903
center_637,left_637, right_637,0,1,30.19029
center_638,left_638, right_638,0,1,30.19031
center_639,left_639, right_639,0,1,30.1903
center_640,left_640, right_640,0,1,30.19029
center_641,left_641, right_641,0,1,30.19029
center_642,left_642, right_642,0,1,30.19029
center_643,left_643, right_643,0,1,30.19029
center_644,left_644, right_644,0,1,30.19027
center_645,left_645, right_645,0,1,30.19029
center_646,left_646, right_646,0,1,30.19029
center_647,left_647, right_647,0,1,30.1903
center_648,left_648, right_648,0,1,30.19028
center_649,left_649, right_649,0,1,30.19032
center_650,left_650, right_650,0,1,30.19029
center_651,left_651, right_651,0,1,30.19031
center_652,left_652, right_652,0,1,30.1903
center_653,left_653, right_653,0,1,30.19031
center_654,left_654, right_654,0,1,30.19029
center_655,left_655, right_655,0,1,30.19032
center_656,left_656, right_656,0,1,30.19029
center_657,left_657, right_657,0,1,30.19028
center_658,left_658, right_658,0,1,30.19033
center_659,left_659, right_659,0,1,30.19072
center_660,left_660, right_660,0,1,30.1902
center_661,left_661, right_661,0,1,30.19061
center_662,left_662, right_662,0,1,30.18969
center_663,left_663, right_663,0,1,30.19023
center_664,left_664, right_664,0,1,30.19019
center_665,left_665, right_665,0,1,30.18988
center_666,left_666, right_666,0,1,30.19038
center_667,left_667, right_667,0,0.8763788,30.15094
center_668,left_668, right_668,0,0.4853435,30.04866
center_669,left_669, right_669,0.3597987,0.1255448,29.67866
center_670,left_670, right_670,0.6762714,0,29.05318
center_671,left_671, right_671,0.3094854,0,28.68762
center_672,left_672, right_672,0,0,28.26583
center_673,left_673, right_673,0,0,27.91823
center_674,left_674, right_674,0,0,27.52332
center_675,left_675, right_675,0,0,27.18942
center_676,left_676, right_676,0,0,26.86068
center_677,left_677, right_677,0,0,26.48237
center_678,left_678, right_678,0,0,26.21707
center_679,left_679, right_679,0,0,25.95427
center_680,left_680, right_680,0,0,25.64363
center_681,left_681, right_681,0.4107542,0,25.14712
center_682,left_682, right_682,0.03119445,0,24.85001
center_683,left_683, right_683,0,0,24.49694
center_684,left_684, right_684,0,0,24.2065
center_685,left_685, right_685,0.4082065,0,23.75191
center_686,left_686, right_686,0.7973607,0,23.01665
center_687,left_687, right_687,0.9137917,0,22.38644
center_688,left_688, right_688,0.5587115,0,22.17571
center_689,left_689, right_689,0.1503785,0,21.90545
center_690,left_690, right_690,0.1224124,0,21.56946
center_691,left_691, right_691,0.4322526,0,21.25852
center_692,left_692, right_692,0.1081152,0,21.05223
center_693,left_693, right_693,0,0,20.78585
center_694,left_694, right_694,0.3198359,0,20.53188
center_695,left_695, right_695,0.6213148,0,20.12728
center_696,left_696, right_696,0.2005734,0,19.78548
center_697,left_697, right_697,0,0.1527901,19.69832
center_698,left_698, right_698,0,0.5692441,20.03403
center_699,left_699, right_699,0,0.9812908,21.30584
center_700,left_700, right_700,0,1,22.21657
center_701,left_701, right_701,0.3064857,1,23.16776
center_702,left_702, right_702,0.6305788,1,23.89687
center_703,left_703, right_703,0.7731658,1,24.50808
center_704,left_704, right_704,0.4473324,1,25.68291
center_705,left_705, right_705,0.132936,1,26.65365
center_706,left_706, right_706,0,1,27.56484
center_707,left_707, right_707,0,1,28.67742
center_708,left_708, right_708,-0.332526,1,29.60616
center_709,left_709, right_709,0,1,30.1895
center_710,left_710, right_710,0,1,30.19016
center_711,left_711, right_711,0,1,30.19012
center_712,left_712, right_712,0,1,30.1903
center_713,left_713, right_713,0,1,30.19016
center_714,left_714, right_714,0.3402958,1,30.16921
center_715,left_715, right_715,0.5205209,1,30.15419
center_716,left_716, right_716,0.1953356,1,30.19309
center_717,left_717, right_717,0,1,30.18874
center_718,left_718, right_718,0,1,30.19029
center_719,left_719, right_719,0,1,30.19029
center_720,left_720, right_720,0,1,30.19032
center_721,left_721, right_721,-0.1827722,1,30.18559
center_722,left_722, right_722,0,1,30.19027
center_723,left_723, right_723,0,1,30.18995
center_724,left_724, right_724,0,1,30.19081
center_725,left_725, right_725,0,1,30.18985
center_726,left_726, right_726,-0.0906601,1,30.1881
center_727,left_727, right_727,-0.2601571,1,30.18167
center_728,left_728, right_728,0,1,30.1891
center_729,left_729, right_729,0,1,30.19023
center_730,left_730, right_730,0,1,30.19042
center_731,left_731, right_731,0,1,30.19038
center_732,left_732, right_732,0,1,30.19039
center_733,left_733, right_733,0,1,30.19042
center_734,left_734, right_734,0,1,30.19037
center_735,left_735, right_735,0,1,30.19038
center_736,left_736, right_736,0,1,30.19036
center_737,left_737, right_737,0,1,30.19039
center_738,left_738, right_738,0,1,30.19039
center_739,left_739, right_739,0,1,30.19025
center_740,left_740, right_740,0,1,30.19028
center_741,left_741, right_741,0,1,30.19011
center_742,left_742, right_742,0,1,30.19028
center_743,left_743, right_743,0,1,30.1903
center_744,left_744, right_744,0,1,30.19031
center_745,left_745, right_745,0,1,30.18989
center_746,left_746, right_746,-0.4132591,1,30.15482
center_747,left_747, right_747,0,1,30.18674
center_748,left_748, right_748,0,1,30.19002
center_749,left_749, right_749,0,1,30.1905
center_750,left_750, right_750,0,1,30.19022
center_751,left_751, right_751,0,1,30.19038
center_752,left_752, right_752,0,1,30.19032
center_753,left_753, right_753,0,1,30.1903
center_754,left_754, right_754,0,1,30.1903
center_755,left_755, right_755,0,1,30.19006
center_756,left_756, right_756,0,1,30.19029
center_757,left_757, right_757,0,1,30.19018
center_758,left_758, right_758,0,1,30.19028
center_759,left_759, right_759,0,1,30.19031
center_760,left_760, right_760,0,1,30.18999
center_761,left_761, right_761,-0.399921,0.6000791,30.06123
center_762,left_762, right_762,-0.05831695,0.2584751,29.99166
center_763,left_763, right_763,0,0,29.64122
center_764,left_764, right_764,0,0,29.34264
center_765,left_765, right_765,-0.152808,0,28.97737
center_766,left_766, right_766,-0.3305576,0,28.38267
center_767,left_767, right_767,0,0,27.98215
center_768,left_768, right_768,-0.3900333,0,27.56884
center_769,left_769, right_769,-0.4643304,0,26.8961
center_770,left_770, right_770,-0.1626778,0,26.64811
center_771,left_771, right_771,-0.4277072,0,26.32486
center_772,left_772, right_772,-0.6542401,0,25.64266
center_773,left_773, right_773,-0.2668176,0,25.33117
center_774,left_774, right_774,0,0,25.03831
center_775,left_775, right_775,0,0,24.77343
center_776,left_776, right_776,0,0,24.41994
center_777,left_777, right_777,0.4060736,0,23.93816
center_778,left_778, right_778,0.7078528,0,23.40623
center_779,left_779, right_779,0.4048262,0,23.15119
center_780,left_780, right_780,0.1021442,0,22.9347
center_781,left_781, right_781,0,0,22.63742
center_782,left_782, right_782,0,0.1037729,22.41026
center_783,left_783, right_783,0,0.4938748,22.68975
center_784,left_784, right_784,-0.1142671,0.8905048,23.59695
center_785,left_785, right_785,-0.2740624,1,24.63635
center_786,left_786, right_786,0,1,25.97395
center_787,left_787, right_787,-0.3005762,1,26.8665
center_788,left_788, right_788,-0.6924927,1,27.68515
center_789,left_789, right_789,-0.3051238,1,28.96579
center_790,left_790, right_790,-0.670578,1,29.86602
center_791,left_791, right_791,-0.354141,1,30.19442
center_792,left_792, right_792,0,1,30.18308
center_793,left_793, right_793,0,1,30.18982
center_794,left_794, right_794,0,1,30.19025
center_795,left_795, right_795,0,1,30.19027
center_796,left_796, right_796,0,1,30.18959
center_797,left_797, right_797,-0.4033864,1,30.1591
center_798,left_798, right_798,-0.09192967,1,30.1904
center_799,left_799, right_799,0,1,30.1896
center_800,left_800, right_800,0,1,30.19003
center_801,left_801, right_801,0,1,30.19011
center_802,left_802, right_802,-0.07182884,1,30.18854
center_803,left_803, right_803,-0.433023,1,30.15906
center_804,left_804, right_804,-0.5901625,1,30.14789
center_805,left_805, right_805,-0.1653385,1,30.19468
center_806,left_806, right_806,0,1,30.18912
center_807,left_807, right_807,0,1,30.19054
center_808,left_808, right_808,0,1,30.19076
center_809,left_809, right_809,0,1,30.19003
center_810,left_810, right_810,0,1,30.19043
center_811,left_811, right_811,0,1,30.18982
center_812,left_812, right_812,0,1,30.19024
center_813,left_813, right_813,-0.4276199,1,30.15086
center_814,left_814, right_814,-0.007895708,1,30.18705
center_815,left_815, right_815,0,1,30.19031
center_816,left_816, right_816,0,1,30.19
center_817,left_817, right_817,0,1,30.19041
center_818,left_818, right_818,0,1,30.18973
center_819,left_819, right_819,-0.08710527,1,30.18851
center_820,left_820, right_820,-0.299067,1,30.17845
center_821,left_821, right_821,0,1,30.1891
center_822,left_822, right_822,0,1,30.19033
center_823,left_823, right_823,0,1,30.19035
center_824,left_824, right_824,0,1,30.18995
center_825,left_825, right_825,0,1,30.19028
center_826,left_826, right_826,0,1,30.19044
center_827,left_827, right_827,-0.3116283,1,30.17505
center_828,left_828, right_828,-0.276814,1,30.19126
center_829,left_829, right_829,0,1,30.18923
center_830,left_830, right_830,0,1,30.19018
center_831,left_831, right_831,0,1,30.1903
center_832,left_832, right_832,0,1,30.19027
center_833,left_833, right_833,0,1,30.19029
center_834,left_834, right_834,0,1,30.19043
center_835,left_835, right_835,0,1,30.19033
center_836,left_836, right_836,0,1,30.1903
center_837,left_837, right_837,0,1,30.19029
center_838,left_838, right_838,0,1,30.1903
center_839,left_839, right_839,0,1,30.19027
center_840,left_840, right_840,0,1,30.19028
center_841,left_841, right_841,0,1,30.19034
center_842,left_842, right_842,0,1,30.1903
center_843,left_843, right_843,-0.3296192,1,30.17304
center_844,left_844, right_844,-0.2963398,1,30.19089
center_845,left_845, right_845,0,1,30.18715
center_846,left_846, right_846,0,1,30.19011
center_847,left_847, right_847,0,1,30.19029
center_848,left_848, right_848,0,1,30.18941
center_849,left_849, right_849,0,1,30.18986
center_850,left_850, right_850,0,1,30.1899
center_851,left_851, right_851,0,1,30.19074
center_852,left_852, right_852,0,1,30.19049
center_853,left_853, right_853,0,1,30.19034
center_854,left_854, right_854,0,1,30.19031
center_855,left_855, right_855,0,1,30.19038
center_856,left_856, right_856,0,1,30.19029
center_857,left_857, right_857,0,1,30.19032
center_858,left_858, right_858,0,1,30.1903
center_859,left_859, right_859,0,1,30.1903
center_860,left_860, right_860,0,1,30.19028
center_861,left_861, right_861,-0.125664,1,30.18609
center_862,left_862, right_862,0,1,30.19025
center_863,left_863, right_863,0,1,30.19029
center_864,left_864, right_864,0,1,30.19029
center_865,left_865, right_865,0,1,30.1903
center_866,left_866, right_866,-0.3934228,1,30.1567
center_867,left_867, right_867,-0.5652931,1,30.15229
center_868,left_868, right_868,-0.1566567,1,30.19244
center_869,left_869, right_869,0,1,30.18959
center_870,left_870, right_870,0,1,30.19025
center_871,left_871, right_871,0,1,30.19032
center_872,left_872, right_872,0,1,30.19029
center_873,left_873, right_873,0,1,30.19029
center_874,left_874, right_874,0,1,30.19029
center_875,left_875, right_875,0,1,30.19032
center_876,left_876, right_876,0,1,30.1903
center_877,left_877, right_877,0,1,30.19036
center_878,left_878, right_878,0,1,30.19029
center_879,left_879, right_879,0,1,30.19034
center_880,left_880, right_880,0,1,30.19032
center_881,left_881, right_881,0,1,30.19031
center_882,left_882, right_882,0,1,30.1903
center_883,left_883, right_883,0,1,30.19029
center_884,left_884, right_884,0,1,30.1903
center_885,left_885, right_885,0,1,30.19029
center_886,left_886, right_886,0,1,30.19029
center_887,left_887, right_887,0,1,30.19028
center_888,left_888, right_888,0,1,30.19029
center_889,left_889, right_889,0,1,30.1903
center_890,left_890, right_890,0,1,30.19031
center_891,left_891, right_891,0,1,30.19028
center_892,left_892, right_892,-0.07859373,1,30.18812
center_893,left_893, right_893,0,1,30.19001
center_894,left_894, right_894,0,1,30.18957
center_895,left_895, right_895,0,1,30.18982
center_896,left_896, right_896,-0.2693188,1,30.16778
center_897,left_897, right_897,-0.3502414,1,30.1847
center_898,left_898, right_898,0,1,30.1873
center_899,left_899, right_899,0,1,30.19045
center_900,left_900, right_900,0,1,30.19028
center_901,left_901, right_901,-0.1305749,1,30.19063
center_902,left_902, right_902,0,1,30.19033
center_903,left_903, right_903,0,1,30.19056
center_904,left_904, right_904,0,1,30.19016
center_905,left_905, right_905,0,1,30.19036
center_906,left_906, right_906,0,1,30.19016
center_907,left_907, right_907,0,1,30.19021
center_908,left_908, right_908,0,1,30.19044
center_909,left_909, right_909,0,1,30.1903
center_910,left_910, right_910,0,1,30.19026
center_911,left_911, right_911,0,1,30.1903
center_912,left_912, right_912,0,1,30.1903
center_913,left_913, right_913,0,1,30.19029
center_914,left_914, right_914,0,1,30.19029
center_915,left_915, right_915,0,1,30.1903
center_916,left_916, right_916,0,1,30.19029
center_917,left_917, right_917,0,1,30.19029
center_918,left_918, right_918,0,1,30.19031
center_919,left_919, right_919,0,1,30.19029
center_920,left_920, right_920,0,1,30.19029
center_921,left_921, right_921,0,1,30.1903
center_922,left_922, right_922,0,1,30.1903
center_923,left_923, right_923,0,1,30.1903
center_924,left_924, right_924,0,1,30.1903
center_925,left_925, right_925,0,1,30.19028
center_926,left_926, right_926,0,1,30.19028
center_927,left_927, right_927,0,1,30.1903
center_928,left_928, right_928,0,1,30.19029
center_929,left_929, right_929,0,1,30.19029
center_930,left_930, right_930,0,1,30.19031
center_931,left_931, right_931,0,1,30.19049
center_932,left_932, right_932,-0.3891692,1,30.15926
center_933,left_933, right_933,0,1,30.18796
center_934,left_934, right_934,0,1,30.19029
center_935,left_935, right_935,0,1,30.19031
center_936,left_936, right_936,0,1,30.19031
center_937,left_937, right_937,0,1,30.19029
center_938,left_938, right_938,0,1,30.1903
center_939,left_939, right_939,0,1,30.19027
center_940,left_940, right_940,0,1,30.19029
center_941,left_941, right_941,0,1,30.19031
center_942,left_942, right_942,0,1,30.19031
center_943,left_943, right_943,0,1,30.19029
center_944,left_944, right_944,0,1,30.1903
center_945,left_945, right_945,0,1,30.19028
center_946,left_946, right_946,0,1,30.1902
center_947,left_947, right_947,0,1,30.19005
center_948,left_948, right_948,0,1,30.19011
center_949,left_949, right_949,0,1,30.19018
center_950,left_950, right_950,-0.3197551,1,30.17126
center_951,left_951, right_951,0,1,30.18929
center_952,left_952, right_952,0,1,30.19036
center_953,left_953, right_953,0,1,30.19016
center_954,left_954, right_954,0,1,30.19018
center_955,left_955, right_955,0,1,30.19025
center_956,left_956, right_956,0,1,30.1903
center_957,left_957, right_957,0,1,30.19029
center_958,left_958, right_958,0,1,30.1903
center_959,left_959, right_959,0,1,30.1903
center_960,left_960, right_960,0,1,30.1903
center_961,left_961, right_961,0,1,30.1903
center_962,left_962, right_962,0,1,30.19031
center_963,left_963, right_963,0,1,30.19029
center_964,left_964, right_964,0,1,30.19031
center_965,left_965, right_965,0,1,30.19032
center_966,left_966, right_966,0,1,30.1903
center_967,left_967, right_967,0,1,30.19029
center_968,left_968, right_968,0,1,30.19028
center_969,left_969, right_969,0,1,30.1903
center_970,left_970, right_970,0,1,30.19018
center_971,left_971, right_971,0,1,30.19031
center_972,left_972, right_972,-0.3285778,1,30.17173
center_973,left_973, right_973,0,1,30.18895
center_974,left_974, right_974,0,1,30.19013
center_975,left_975, right_975,0,1,30.19063
center_976,left_976, right_976,0,1,30.19029
center_977,left_977, right_977,0,1,30.19029
center_978,left_978, right_978,0,1,30.19034
center_979,left_979, right_979,0,1,30.19028
center_980,left_980, right_980,0,1,30.19032
center_981,left_981, right_981,0,1,30.19031
center_982,left_982, right_982,0,1,30.19026
center_983,left_983, right_983,0,1,30.1903
center_984,left_984, right_984,0,1,30.19031
center_985,left_985, right_985,0,1,30.19029
center_986,left_986, right_986,0,1,30.19029
center_987,left_987, right_987,0,1,30.1903
center_988,left_988, right_988,0,1,30.19029
center_989,left_989, right_989,0,1,30.19029
center_990,left_990, right_990,0,1,30.1903
center_991,left_991, right_991,0,1,30.19031
center_992,left_992, right_992,0,1,30.1903
center_993,left_993, right_993,0,1,30.1903
center_994,left_994, right_994,0,1,30.19029
center_995,left_995, right_995,0,1,30.19028
center_996,left_996, right_996,0,1,30.19027
center_997,left_997, right_997,0,1,30.19029
center_998,left_998, right_998,0,1,30.19028
center_999,left_999, right_999,0,1,30.19029
center_1000,left_1000, right_1000,0,1,30.19031
center_1001,left_1001, right_1001,0,1,30.19031
center_1002,left_1002, right_1002,0,1,30.1903
center_1003,left_1003, right_1003,0,1,30.19024
center_1004,left_1004, right_1004,0,1,30.19028
center_1005,left_1005, right_1005,0,1,30.19019
center_1006,left_1006, right_1006,0,1,30.19005
center_1007,left_1007, right_1007,0,1,30.19076
center_1008,left_1008, right_1008,0,1,30.18991
center_1009,left_1009, right_1009,-0.3380792,1,30.17018
center_1010,left_1010, right_1010,-0.4974274,1,30.17556
center_1011,left_1011, right_1011,-0.1900742,1,30.19893
center_1012,left_1012, right_1012,0,1,30.18884
center_1013,left_1013, right_1013,0,1,30.18973
center_1014,left_1014, right_1014,0,1,30.19025
center_1015,left_1015, right_1015,0,1,30.19031
center_1016,left_1016, right_1016,0,1,30.19024
center_1017,left_1017, right_1017,0.1012237,1,30.18684
center_1018,left_1018, right_1018,0.2827735,1,30.17889
center_1019,left_1019, right_1019,0,1,30.18836
center_1020,left_1020, right_1020,0,1,30.18993
center_1021,left_1021, right_1021,0.1611149,1,30.1847
center_1022,left_1022, right_1022,0,1,30.19001
center_1023,left_1023, right_1023,0,1,30.19004
center_1024,left_1024, right_1024,0,1,30.19003
center_1025,left_1025, right_1025,0.06826758,1,30.18908
center_1026,left_1026, right_1026,0.2345939,1,30.18534
center_1027,left_1027, right_1027,0,1,30.18937
center_1028,left_1028, right_1028,0,1,30.18957
center_1029,left_1029, right_1029,0,1,30.19048
center_1030,left_1030, right_1030,0,1,30.18998
center_1031,left_1031, right_1031,0,1,30.19057
center_1032,left_1032, right_1032,0,1,30.19054
center_1033,left_1033, right_1033,0,1,30.19055
center_1034,left_1034, right_1034,0,1,30.19052
center_1035,left_1035, right_1035,0,1,30.19056
center_1036,left_1036, right_1036,0,1,30.19056
center_1037,left_1037, right_1037,0,1,30.19034
center_1038,left_1038, right_1038,0,1,30.19037
center_1039,left_1039, right_1039,0,1,30.19008
center_1040,left_1040, right_1040,0,1,30.1906
center_1041,left_1041, right_1041,0,1,30.19032
center_1042,left_1042, right_1042,0,1,30.19024
center_1043,left_1043, right_1043,0,1,30.19031
center_1044,left_1044, right_1044,0,1,30.19027
center_1045,left_1045, right_1045,0,1,30.1903
center_1046,left_1046, right_1046,0,1,30.19027
center_1047,left_1047, right_1047,-0.3070049,1,30.16883
center_1048,left_1048, right_1048,0,1,30.18952
center_1049,left_1049, right_1049,0,1,30.1902
center_1050,left_1050, right_1050,0,1,30.1903
center_1051,left_1051, right_1051,0,1,30.19011
center_1052,left_1052, right_1052,-0.336693,1,30.17079
center_1053,left_1053, right_1053,-0.6492333,1,30.12995
center_1054,left_1054, right_1054,-0.2406399,1,30.19431
center_1055,left_1055, right_1055,0,1,30.18813
center_1056,left_1056, right_1056,0,1,30.19004
center_1057,left_1057, right_1057,0,1,30.19028
center_1058,left_1058, right_1058,0.4248955,1,30.14972
center_1059,left_1059, right_1059,0.06266069,1,30.18983
center_1060,left_1060, right_1060,0,1,30.18969
center_1061,left_1061, right_1061,0,1,30.19027
center_1062,left_1062, right_1062,0,1,30.1904
center_1063,left_1063, right_1063,0,1,30.19025
center_1064,left_1064, right_1064,0,1,30.19024
center_1065,left_1065, right_1065,0,1,30.19025
center_1066,left_1066, right_1066,0,1,30.19027
center_1067,left_1067, right_1067,0,1,30.19029
center_1068,left_1068, right_1068,0,1,30.19027
center_1069,left_1069, right_1069,0,1,30.19022
center_1070,left_1070, right_1070,0,1,30.19023
center_1071,left_1071, right_1071,0,1,30.1902
center_1072,left_1072, right_1072,0,1,30.1895
center_1073,left_1073, right_1073,0,1,30.19047
center_1074,left_1074, right_1074,0,1,30.19047
center_1075,left_1075, right_1075,0,1,30.19034
center_1076,left_1076, right_1076,0,1,30.19063
center_1077,left_1077, right_1077,0,1,30.19028
center_1078,left_1078, right_1078,0,1,30.19032
center_1079,left_1079, right_1079,0,1,30.19027
center_1080,left_1080, right_1080,0,1,30.19032
center_1081,left_1081, right_1081,0,1,30.19028
center_1082,left_1082, right_1082,0,1,30.19018
center_1083,left_1083, right_1083,0,1,30.1903
center_1084,left_1084, right_1084,0,1,30.19039
center_1085,left_1085, right_1085,0,1,30.19026
center_1086,left_1086, right_1086,-0.07712674,1,30.18889
center_1087,left_1087, right_1087,-0.2425017,1,30.18781
center_1088,left_1088, right_1088,0,1,30.18929
center_1089,left_1089, right_1089,0,1,30.19014
center_1090,left_1090, right_1090,0,1,30.19007
center_1091,left_1091, right_1091,-0.4371271,1,30.14986
center_1092,left_1092, right_1092,-0.0510242,1,30.19041
center_1093,left_1093, right_1093,-0.129462,1,30.18886
center_1094,left_1094, right_1094,-0.2953949,1,30.17986
center_1095,left_1095, right_1095,0,1,30.18958
center_1096,left_1096, right_1096,0,1,30.19061
center_1097,left_1097, right_1097,0,1,30.19038
center_1098,left_1098, right_1098,0,1,30.19012
center_1099,left_1099, right_1099,0,1,30.19028
center_1100,left_1100, right_1100,0,1,30.19015
center_1101,left_1101, right_1101,0,1,30.19029
center_1102,left_1102, right_1102,0,1,30.18999
center_1103,left_1103, right_1103,0,1,30.1903
center_1104,left_1104, right_1104,-0.07009792,1,30.1891
center_1105,left_1105, right_1105,-0.1323266,1,30.19076
center_1106,left_1106, right_1106,0,1,30.19002
center_1107,left_1107, right_1107,0,1,30.19028
center_1108,left_1108, right_1108,0,1,30.19004
center_1109,left_1109, right_1109,0,1,30.1903
center_1110,left_1110, right_1110,0,1,30.19086
center_1111,left_1111, right_1111,-0.3181679,1,30.17109
center_1112,left_1112, right_1112,0,1,30.18997
center_1113,left_1113, right_1113,0,1,30.1902
center_1114,left_1114, right_1114,0,1,30.19028
center_1115,left_1115, right_1115,0,1,30.19028
center_1116,left_1116, right_1116,-0.3563676,1,30.16148
center_1117,left_1117, right_1117,-0.006694078,1,30.1878
center_1118,left_1118, right_1118,0,1,30.19004
center_1119,left_1119, right_1119,0,1,30.19027
center_1120,left_1120, right_1120,0,1,30.1902
center_1121,left_1121, right_1121,-0.3962524,1,30.15843
center_1122,left_1122, right_1122,-0.07332087,1,30.19106
center_1123,left_1123, right_1123,0,1,30.19005
center_1124,left_1124, right_1124,0,1,30.18992
center_1125,left_1125, right_1125,0,1,30.19051
center_1126,left_1126, right_1126,0,1,30.18989
center_1127,left_1127, right_1127,-0.3120389,1,30.17414
center_1128,left_1128, right_1128,-0.3851244,1,30.18313
center_1129,left_1129, right_1129,0,1,30.18745
center_1130,left_1130, right_1130,0,1,30.19034
center_1131,left_1131, right_1131,0,1,30.19018
center_1132,left_1132, right_1132,0,1,30.19032
center_1133,left_1133, right_1133,0,1,30.19029
center_1134,left_1134, right_1134,0,1,30.1903
center_1135,left_1135, right_1135,-0.3097258,1,30.17402
center_1136,left_1136, right_1136,-0.5006969,1,30.16288
center_1137,left_1137, right_1137,-0.112911,1,30.19094
center_1138,left_1138, right_1138,0,1,30.18978
center_1139,left_1139, right_1139,0,1,30.19028
center_1140,left_1140, right_1140,0,1,30.19031
center_1141,left_1141, right_1141,0,1,30.19032
center_1142,left_1142, right_1142,0,1,30.19029
center_1143,left_1143, right_1143,0,1,30.19033
center_1144,left_1144, right_1144,0,1,30.1903
center_1145,left_1145, right_1145,0,1,30.19031
center_1146,left_1146, right_1146,0,1,30.19028
center_1147,left_1147, right_1147,-0.311898,1,30.17172
center_1148,left_1148, right_1148,-0.5012012,1,30.15784
center_1149,left_1149, right_1149,-0.09952283,1,30.19027
center_1150,left_1150, right_1150,0,1,30.18877
center_1151,left_1151, right_1151,0,1,30.18983
center_1152,left_1152, right_1152,0,1,30.1893
center_1153,left_1153, right_1153,0,1,30.19027
center_1154,left_1154, right_1154,0,1,30.19003
center_1155,left_1155, right_1155,0,1,30.19043
center_1156,left_1156, right_1156,0,1,30.19024
center_1157,left_1157, right_1157,0,1,30.19021
center_1158,left_1158, right_1158,0,1,30.19119
center_1159,left_1159, right_1159,0,1,30.19061
center_1160,left_1160, right_1160,0,1,30.18906
center_1161,left_1161, right_1161,0,1,30.19071
center_1162,left_1162, right_1162,0,1,30.19168
center_1163,left_1163, right_1163,0,1,30.1903
center_1164,left_1164, right_1164,-0.05690145,1,30.18961
center_1165,left_1165, right_1165,-0.361119,1,30.16556
center_1166,left_1166, right_1166,-0.0380609,1,30.1906
center_1167,left_1167, right_1167,0,1,30.19011
center_1168,left_1168, right_1168,0,1,30.19029
center_1169,left_1169, right_1169,0,1,30.1903
center_1170,left_1170, right_1170,-0.3093867,1,30.17143
center_1171,left_1171, right_1171,-0.6305816,1,30.1329
center_1172,left_1172, right_1172,-0.2979083,1,30.19269
center_1173,left_1173, right_1173,0,1,30.18836
center_1174,left_1174, right_1174,0,1,30.1901
center_1175,left_1175, right_1175,0,1,30.1903
center_1176,left_1176, right_1176,0,1,30.19029
center_1177,left_1177, right_1177,0,1,30.18989
center_1178,left_1178, right_1178,0,1,30.19032
center_1179,left_1179, right_1179,0,1,30.19016
center_1180,left_1180, right_1180,0,1,30.19031
center_1181,left_1181, right_1181,0,1,30.1903
center_1182,left_1182, right_1182,0,1,30.19028
center_1183,left_1183, right_1183,0,1,30.1903
center_1184,left_1184, right_1184,0,1,30.19016
center_1185,left_1185, right_1185,0,1,30.19033
center_1186,left_1186, right_1186,0,1,30.19002
center_1187,left_1187, right_1187,0,1,30.19031
center_1188,left_1188, right_1188,0,1,30.19029
center_1189,left_1189, right_1189,0,1,30.19031
center_1190,left_1190, right_1190,0,1,30.19032
center_1191,left_1191, right_1191,0,1,30.19028
center_1192,left_1192, right_1192,0,1,30.19029
center_1193,left_1193, right_1193,0,1,30.19034
center_1194,left_1194, right_1194,0,1,30.19028
center_1195,left_1195, right_1195,-0.1832521,1,30.18233
center_1196,left_1196, right_1196,0,1,30.19011
center_1197,left_1197, right_1197,0,1,30.19025
center_1198,left_1198, right_1198,0,1,30.1903
center_1199,left_1199, right_1199,-0.1249051,1,30.18634
center_1200,left_1200, right_1200,0,1,30.19026
center_1201,left_1201, right_1201,-0.3656459,1,30.15827
center_1202,left_1202, right_1202,-0.05297112,1,30.19068
center_1203,left_1203, right_1203,0,1,30.19043
center_1204,left_1204, right_1204,0,1,30.19016
center_1205,left_1205, right_1205,-0.3055079,1,30.17515
center_1206,left_1206, right_1206,0,1,30.18976
center_1207,left_1207, right_1207,0,1,30.19023
center_1208,left_1208, right_1208,0,1,30.19003
center_1209,left_1209, right_1209,0,1,30.19031
center_1210,left_1210, right_1210,0,1,30.19033
center_1211,left_1211, right_1211,0,1,30.19029
center_1212,left_1212, right_1212,0,1,30.19032
center_1213,left_1213, right_1213,0,1,30.19028
center_1214,left_1214, right_1214,0,1,30.19031
center_1215,left_1215, right_1215,0,1,30.1903
center_1216,left_1216, right_1216,0,1,30.19033
center_1217,left_1217, right_1217,0,1,30.1903
center_1218,left_1218, right_1218,0,1,30.19033
center_1219,left_1219, right_1219,0,1,30.1903
center_1220,left_1220, right_1220,0,1,30.19031
center_1221,left_1221, right_1221,-0.06594586,1,30.18929
center_1222,left_1222, right_1222,0,1,30.19021
center_1223,left_1223, right_1223,0,1,30.1903
center_1224,left_1224, right_1224,0,1,30.19026
center_1225,left_1225, right_1225,0,1,30.19032
center_1226,left_1226, right_1226,-0.4037755,1,30.15803
center_1227,left_1227, right_1227,-0.04919887,1,30.19058
center_1228,left_1228, right_1228,0,1,30.41144
center_1229,left_1229, right_1229,0,1,30.21268
center_1230,left_1230, right_1230,0,1,30.41688
center_1231,left_1231, right_1231,0.3333392,1,30.16632
center_1232,left_1232, right_1232,0.009642363,1,30.1891
center_1233,left_1233, right_1233,0,1,30.1897
center_1234,left_1234, right_1234,0,1,30.1899
center_1235,left_1235, right_1235,0,1,30.18984
center_1236,left_1236, right_1236,-0.3133678,1,30.17038
center_1237,left_1237, right_1237,0,1,30.18872
center_1238,left_1238, right_1238,0,1,30.18978
center_1239,left_1239, right_1239,0,1,30.18989
center_1240,left_1240, right_1240,0,1,30.18993
center_1241,left_1241, right_1241,0,1,30.18992
center_1242,left_1242, right_1242,0,1,30.18993
center_1243,left_1243, right_1243,0,1,30.18995
center_1244,left_1244, right_1244,0,1,30.18995
center_1245,left_1245, right_1245,0,1,30.18992
center_1246,left_1246, right_1246,0,1,30.18994
center_1247,left_1247, right_1247,0,1,30.18994
center_1248,left_1248, right_1248,0,1,30.18991
center_1249,left_1249, right_1249,0,1,30.18994
center_1250,left_1250, right_1250,0,1,30.18993
center_1251,left_1251, right_1251,0,1,30.18993
center_1252,left_1252, right_1252,0,1,30.18995
center_1253,left_1253, right_1253,0,1,30.18993
center_1254,left_1254, right_1254,0,1,30.18995
center_1255,left_1255, right_1255,0,1,30.18993
center_1256,left_1256, right_1256,0,1,30.18992
center_1257,left_1257, right_1257,0,1,30.18992
center_1258,left_1258, right_1258,0,1,30.18993
center_1259,left_1259, right_1259,0,1,30.18994
center_1260,left_1260, right_1260,0,1,30.18994
center_1261,left_1261, right_1261,0,1,30.18994
center_1262,left_1262, right_1262,0,1,30.18992
center_1263,left_1263, right_1263,0,1,30.18994
center_1264,left_1264, right_1264,0,1,30.18994
center_1265,left_1265, right_1265,0,1,30.18995
center_1266,left_1266, right_1266,0,1,30.18995
center_1267,left_1267, right_1267,0,1,30.18993
center_1268,left_1268, right_1268,0,1,30.18993
center_1269,left_1269, right_1269,0,1,30.18995
center_1270,left_1270, right_1270,0,1,30.18992
center_1271,left_1271, right_1271,0,1,30.18994
center_1272,left_1272, right_1272,0,1,30.18994
center_1273,left_1273, right_1273,0,1,30.18993
center_1274,left_1274, right_1274,0,1,30.18995
center_1275,left_1275, right_1275,0,1,30.18993
center_1276,left_1276, right_1276,0,1,30.18996
center_1277,left_1277, right_1277,0,1,30.18993
center_1278,left_1278, right_1278,0,1,30.18995
center_1279,left_1279, right_1279,0,1,30.18995
center_1280,left_1280, right_1280,0,1,30.18993
center_1281,left_1281, right_1281,0,1,30.18994
center_1282,left_1282, right_1282,0,1,30.18996
center_1283,left_1283, right_1283,0,1,30.18993
center_1284,left_1284, right_1284,0,1,30.18994
center_1285,left_1285, right_1285,0,1,30.18993
center_1286,left_1286, right_1286,0,1,30.18993
center_1287,left_1287, right_1287,0,1,30.18993
center_1288,left_1288, right_1288,0,1,30.18992
center_1289,left_1289, right_1289,0,1,30.18992
center_1290,left_1290, right_1290,0,1,30.18996
center_1291,left_1291, right_1291,0,1,30.18996
center_1292,left_1292, right_1292,0,1,30.18994
center_1293,left_1293, right_1293,0,1,30.18993
center_1294,left_1294, right_1294,0,1,30.18993
center_1295,left_1295, right_1295,0,1,30.18995
center_1296,left_1296, right_1296,0,1,30.18994
center_1297,left_1297, right_1297,0,1,30.18994
center_1298,left_1298, right_1298,0,1,30.06099
center_1299,left_1299, right_1299,0,1,30.13731
center_1300,left_1300, right_1300,0,1,30.06805
center_1301,left_1301, right_1301,0,1,30.21516
center_1302,left_1302, right_1302,0,1,30.18987
center_1303,left_1303, right_1303,0,1,30.19062
center_1304,left_1304, right_1304,-0.3384418,1,30.1667
center_1305,left_1305, right_1305,0,1,30.18943
center_1306,left_1306, right_1306,0,1,30.19001
center_1307,left_1307, right_1307,0,1,30.1903
center_1308,left_1308, right_1308,0,1,30.1902
center_1309,left_1309, right_1309,-0.1005814,1,30.18665
center_1310,left_1310, right_1310,0,1,30.18999
center_1311,left_1311, right_1311,0,1,30.18976
center_1312,left_1312, right_1312,0,1,30.19001
center_1313,left_1313, right_1313,-0.1397703,1,30.18415
center_1314,left_1314, right_1314,-0.1232014,1,30.19126
center_1315,left_1315, right_1315,0,1,30.1897
center_1316,left_1316, right_1316,-0.36708,1,30.17185
center_1317,left_1317, right_1317,-0.02841926,1,30.19091
center_1318,left_1318, right_1318,0,1,30.19019
center_1319,left_1319, right_1319,0,1,30.19009
center_1320,left_1320, right_1320,0,1,30.19056
center_1321,left_1321, right_1321,-0.0966332,1,30.18735
center_1322,left_1322, right_1322,-0.4141052,1,30.1608
center_1323,left_1323, right_1323,-0.007323503,1,30.18684
center_1324,left_1324, right_1324,0,1,30.1904
center_1325,left_1325, right_1325,0,1,30.19277
center_1326,left_1326, right_1326,0,1,30.19024
center_1327,left_1327, right_1327,0,1,30.19081
center_1328,left_1328, right_1328,0,1,30.19026
center_1329,left_1329, right_1329,0,1,30.19051
center_1330,left_1330, right_1330,0,1,30.19031
center_1331,left_1331, right_1331,-0.3032727,1,30.17171
center_1332,left_1332, right_1332,-0.6333811,1,30.12659
center_1333,left_1333, right_1333,-0.2938592,1,30.19286
center_1334,left_1334, right_1334,0,1,30.18816
center_1335,left_1335, right_1335,0,1,30.19011
center_1336,left_1336, right_1336,0,1,30.19029
center_1337,left_1337, right_1337,0,1,30.19029
center_1338,left_1338, right_1338,0,1,30.1903
center_1339,left_1339, right_1339,-0.4093981,1,30.15684
center_1340,left_1340, right_1340,-0.827739,1,30.10838
center_1341,left_1341, right_1341,-0.8862464,1,30.12255
center_1342,left_1342, right_1342,-0.5497243,1,30.19801
center_1343,left_1343, right_1343,-0.1666691,1,30.19273
center_1344,left_1344, right_1344,0,1,30.18745
center_1345,left_1345, right_1345,0,1,30.19034
center_1346,left_1346, right_1346,0,1,30.18978
center_1347,left_1347, right_1347,0,1,30.19061
center_1348,left_1348, right_1348,0,1,30.19054
center_1349,left_1349, right_1349,0,1,30.19015
center_1350,left_1350, right_1350,0,1,30.19069
center_1351,left_1351, right_1351,0,1,30.19072
center_1352,left_1352, right_1352,0,1,30.19135
center_1353,left_1353, right_1353,-0.09256482,1,30.18904
center_1354,left_1354, right_1354,-0.4280849,1,30.15903
center_1355,left_1355, right_1355,-0.08685279,1,30.19204
center_1356,left_1356, right_1356,0,1,30.19121
center_1357,left_1357, right_1357,0,1,30.19029
center_1358,left_1358, right_1358,-0.3567846,1,30.16519
center_1359,left_1359, right_1359,-0.6948545,1,30.12251
center_1360,left_1360, right_1360,-0.3217385,1,30.19361
center_1361,left_1361, right_1361,0,1,30.188
center_1362,left_1362, right_1362,0,1,30.19022
center_1363,left_1363, right_1363,0,1,30.19031
center_1364,left_1364, right_1364,-0.1586015,1,30.18953
center_1365,left_1365, right_1365,0,1,30.19004
center_1366,left_1366, right_1366,0,1,30.19034
center_1367,left_1367, right_1367,0,1,30.19031
center_1368,left_1368, right_1368,0.2118716,1,30.18392
center_1369,left_1369, right_1369,0,1,30.18951
center_1370,left_1370, right_1370,0,1,30.19022
center_1371,left_1371, right_1371,0,1,30.1903
center_1372,left_1372, right_1372,0,1,30.19032
center_1373,left_1373, right_1373,-0.4035215,1,30.15262
center_1374,left_1374, right_1374,-0.03441095,1,30.19064
center_1375,left_1375, right_1375,0,1,30.19002
center_1376,left_1376, right_1376,0,1,30.1902
center_1377,left_1377, right_1377,0,1,30.1903
center_1378,left_1378, right_1378,0,1,30.19029
center_1379,left_1379, right_1379,0,1,30.19029
center_1380,left_1380, right_1380,0,1,30.19029
center_1381,left_1381, right_1381,0,1,30.19029
center_1382,left_1382, right_1382,0,1,30.19031
center_1383,left_1383, right_1383,-0.1670666,1,30.18567
center_1384,left_1384, right_1384,0,1,30.18991
center_1385,left_1385, right_1385,0,1,30.19028
center_1386,left_1386, right_1386,0,1,30.1903
center_1387,left_1387, right_1387,0,1,30.19031
center_1388,left_1388, right_1388,0,1,30.19033
center_1389,left_1389, right_1389,0,1,30.19031
center_1390,left_1390, right_1390,0,1,30.19031
center_1391,left_1391, right_1391,0,1,30.1903
center_1392,left_1392, right_1392,0,1,30.19029
center_1393,left_1393, right_1393,0,1,30.19028
center_1394,left_1394, right_1394,0,1,30.1903
center_1395,left_1395, right_1395,0,1,30.19027
center_1396,left_1396, right_1396,0,1,30.19031
center_1397,left_1397, right_1397,0,1,30.1903
center_1398,left_1398, right_1398,0,1,30.19027
center_1399,left_1399, right_1399,0,1,30.19047
center_1400,left_1400, right_1400,0,1,30.19024
center_1401,left_1401, right_1401,0,1,30.19038
center_1402,left_1402, right_1402,0,1,30.19018
center_1403,left_1403, right_1403,0,1,30.19013
center_1404,left_1404, right_1404,0,1,30.19032
center_1405,left_1405, right_1405,0,1,30.19025
center_1406,left_1406, right_1406,0,1,30.19038
center_1407,left_1407, right_1407,0,1,30.1903
center_1408,left_1408, right_1408,0,1,30.19029
center_1409,left_1409, right_1409,0.4385548,1,30.15508
center_1410,left_1410, right_1410,0.0716157,1,30.1891
center_1411,left_1411, right_1411,0,1,30.18981
center_1412,left_1412, right_1412,0,1,30.18997
center_1413,left_1413, right_1413,0,1,30.19081
center_1414,left_1414, right_1414,0,1,30.19019
center_1415,left_1415, right_1415,0,1,30.19057
center_1416,left_1416, right_1416,0.3141632,1,30.1731
center_1417,left_1417, right_1417,0.4890754,1,30.16789
center_1418,left_1418, right_1418,0.1022429,1,30.19026
center_1419,left_1419, right_1419,0,1,30.18944
center_1420,left_1420, right_1420,0,1,30.18987
center_1421,left_1421, right_1421,0,1,30.1904
center_1422,left_1422, right_1422,0,1,30.18922
center_1423,left_1423, right_1423,0.340137,1,30.16931
center_1424,left_1424, right_1424,0.6723662,1,30.1253
center_1425,left_1425, right_1425,0.8381732,1,30.12155
center_1426,left_1426, right_1426,0.42975,1,30.20702
center_1427,left_1427, right_1427,0.001836061,1,30.18225
center_1428,left_1428, right_1428,0,1,30.18724
center_1429,left_1429, right_1429,0,1,30.19353
center_1430,left_1430, right_1430,0,1,30.18369
center_1431,left_1431, right_1431,0,1,30.19141
center_1432,left_1432, right_1432,0,1,30.19565
center_1433,left_1433, right_1433,0.3879511,1,30.16347
center_1434,left_1434, right_1434,0.7728961,1,30.11328
center_1435,left_1435, right_1435,0.4631667,1,30.18662
center_1436,left_1436, right_1436,0.1325548,1,30.19481
center_1437,left_1437, right_1437,0,1,30.18619
center_1438,left_1438, right_1438,0,1,30.19049
center_1439,left_1439, right_1439,0,1,30.18922
center_1440,left_1440, right_1440,0,1,30.19083
center_1441,left_1441, right_1441,0,1,30.19079
center_1442,left_1442, right_1442,0,1,30.19065
center_1443,left_1443, right_1443,0,1,30.18959
center_1444,left_1444, right_1444,0.139065,1,30.18356
center_1445,left_1445, right_1445,0.2863526,1,30.1831
center_1446,left_1446, right_1446,0,1,30.18951
center_1447,left_1447, right_1447,0,1,30.19026
center_1448,left_1448, right_1448,0,1,30.19066
center_1449,left_1449, right_1449,0,1,30.19046
center_1450,left_1450, right_1450,0,1,30.19043
center_1451,left_1451, right_1451,0,1,30.19068
center_1452,left_1452, right_1452,0.09761667,1,30.18791
center_1453,left_1453, right_1453,0.2267218,1,30.1892
center_1454,left_1454, right_1454,0,1,30.18929
center_1455,left_1455, right_1455,0,1,30.19005
center_1456,left_1456, right_1456,0,1,30.19011
center_1457,left_1457, right_1457,0,1,30.19022
center_1458,left_1458, right_1458,0,1,30.19019
center_1459,left_1459, right_1459,0,1,30.19027
center_1460,left_1460, right_1460,0,1,30.19019
center_1461,left_1461, right_1461,0,1,30.1902
center_1462,left_1462, right_1462,-0.3250322,1,30.17207
center_1463,left_1463, right_1463,0,1,30.18862
center_1464,left_1464, right_1464,0,1,30.19019
center_1465,left_1465, right_1465,0,1,30.1905
center_1466,left_1466, right_1466,0,1,30.19052
center_1467,left_1467, right_1467,0,1,30.19054
center_1468,left_1468, right_1468,0,1,30.19066
center_1469,left_1469, right_1469,0,1,30.19052
center_1470,left_1470, right_1470,0,1,30.19049
center_1471,left_1471, right_1471,0,1,30.19052
center_1472,left_1472, right_1472,0,1,30.19053
center_1473,left_1473, right_1473,0,1,30.19026
center_1474,left_1474, right_1474,0,1,30.19034
center_1475,left_1475, right_1475,0,1,30.19003
center_1476,left_1476, right_1476,0,1,30.19028
center_1477,left_1477, right_1477,0,1,30.19034
center_1478,left_1478, right_1478,0,1,30.1903
center_1479,left_1479, right_1479,0,1,30.19042
center_1480,left_1480, right_1480,0,1,30.19029
center_1481,left_1481, right_1481,0,1,30.19027
center_1482,left_1482, right_1482,0,1,30.19032
center_1483,left_1483, right_1483,0,1,30.19031
center_1484,left_1484, right_1484,0,1,30.19028
center_1485,left_1485, right_1485,0,1,30.19032
center_1486,left_1486, right_1486,0,1,30.19015
center_1487,left_1487, right_1487,-0.3526554,1,30.16876
center_1488,left_1488, right_1488,0,1,30.18927
center_1489,left_1489, right_1489,0,1,30.19013
center_1490,left_1490, right_1490,0,1,30.1903
center_1491,left_1491, right_1491,0,1,30.19028
center_1492,left_1492, right_1492,0,1,30.19027
center_1493,left_1493, right_1493,-0.3046646,1,30.17269
center_1494,left_1494, right_1494,-0.3691206,1,30.18548
center_1495,left_1495, right_1495,0,1,30.18814
center_1496,left_1496, right_1496,0,1,30.19017
center_1497,left_1497, right_1497,0,1,30.19028
center_1498,left_1498, right_1498,0,1,30.1903
center_1499,left_1499, right_1499,0,1,30.1903
center_1500,left_1500, right_1500,-0.3596821,1,30.16011
center_1501,left_1501, right_1501,-0.7506265,1,30.11696
center_1502,left_1502, right_1502,-0.3562496,1,30.19596
center_1503,left_1503, right_1503,0,1,30.18488
center_1504,left_1504, right_1504,0,1,30.19183
center_1505,left_1505, right_1505,0,1,30.18889
center_1506,left_1506, right_1506,0,1,30.18987
center_1507,left_1507, right_1507,0,1,30.1896
center_1508,left_1508, right_1508,0,1,30.19092
center_1509,left_1509, right_1509,0,1,30.19044
center_1510,left_1510, right_1510,0,1,30.1909
center_1511,left_1511, right_1511,0,1,30.19024
center_1512,left_1512, right_1512,0,1,30.1913
center_1513,left_1513, right_1513,0,1,30.19078
center_1514,left_1514, right_1514,-0.06305695,1,30.19077
center_1515,left_1515, right_1515,-0.3679326,1,30.16532
center_1516,left_1516, right_1516,-0.03442883,1,30.1909
center_1517,left_1517, right_1517,0,1,30.18974
center_1518,left_1518, right_1518,0,1,30.19394
center_1519,left_1519, right_1519,-0.3043771,1,30.17291
center_1520,left_1520, right_1520,-0.7016037,1,30.12138
center_1521,left_1521, right_1521,-1,1,30.09199
center_1522,left_1522, right_1522,-0.5948892,1,30.19547
center_1523,left_1523, right_1523,-0.2658043,1,30.19995
center_1524,left_1524, right_1524,0,1,30.18668
center_1525,left_1525, right_1525,0,1,30.1901
center_1526,left_1526, right_1526,0.07387519,1,30.18877
center_1527,left_1527, right_1527,0.3769562,1,30.16213
center_1528,left_1528, right_1528,0,1,30.1868
center_1529,left_1529, right_1529,0,1,30.18995
center_1530,left_1530, right_1530,0,1,30.19026
center_1531,left_1531, right_1531,-0.4132826,1,30.15154
center_1532,left_1532, right_1532,-0.1014204,1,30.19113
center_1533,left_1533, right_1533,0,1,30.18984
center_1534,left_1534, right_1534,-0.306495,1,30.17545
center_1535,left_1535, right_1535,0,1,30.18926
center_1536,left_1536, right_1536,0,1,30.19025
center_1537,left_1537, right_1537,-0.3767094,1,30.15751
center_1538,left_1538, right_1538,-0.05003929,1,30.1903
center_1539,left_1539, right_1539,0,1,30.1904
center_1540,left_1540, right_1540,-0.3034379,1,30.17464
center_1541,left_1541, right_1541,0,1,30.18918
center_1542,left_1542, right_1542,0,1,30.19016
center_1543,left_1543, right_1543,0,1,30.19027
center_1544,left_1544, right_1544,0,1,30.19021
center_1545,left_1545, right_1545,-0.3789661,1,30.16572
center_1546,left_1546, right_1546,-0.01796722,1,30.19025
center_1547,left_1547, right_1547,0,1,30.18917
center_1548,left_1548, right_1548,-0.4171865,1,30.15485
center_1549,left_1549, right_1549,-0.1097796,1,30.1923
center_1550,left_1550, right_1550,0,1,30.18956
center_1551,left_1551, right_1551,0,1,30.19023
center_1552,left_1552, right_1552,0,1,30.1903
center_1553,left_1553, right_1553,0,1,30.1903
center_1554,left_1554, right_1554,0,1,30.1905
center_1555,left_1555, right_1555,0,1,30.19034
center_1556,left_1556, right_1556,0,1,30.19036
center_1557,left_1557, right_1557,0,1,30.19026
center_1558,left_1558, right_1558,0,1,30.1903
center_1559,left_1559, right_1559,0,1,30.19003
center_1560,left_1560, right_1560,0,1,30.19016
center_1561,left_1561, right_1561,-0.3030088,1,30.17216
center_1562,left_1562, right_1562,-0.6030872,1,30.13382
center_1563,left_1563, right_1563,-0.2968626,1,30.19124
center_1564,left_1564, right_1564,0,1,30.18888
center_1565,left_1565, right_1565,0,1,30.18983
center_1566,left_1566, right_1566,0,1,30.19035
center_1567,left_1567, right_1567,0,1,30.19002
center_1568,left_1568, right_1568,0,1,30.1903
center_1569,left_1569, right_1569,0,1,30.19031
center_1570,left_1570, right_1570,0,1,30.19031
center_1571,left_1571, right_1571,0,1,30.19024
center_1572,left_1572, right_1572,0,1,30.1903
center_1573,left_1573, right_1573,0,1,30.19038
center_1574,left_1574, right_1574,0,1,30.19031
center_1575,left_1575, right_1575,0,1,30.19031
center_1576,left_1576, right_1576,0,1,30.19033
center_1577,left_1577, right_1577,-0.3293968,1,30.17114
center_1578,left_1578, right_1578,0,1,30.18888
center_1579,left_1579, right_1579,0,1,30.19014
center_1580,left_1580, right_1580,0,1,30.19042
center_1581,left_1581, right_1581,0,1,30.19077
center_1582,left_1582, right_1582,-0.3562588,1,30.16807
center_1583,left_1583, right_1583,-0.04552174,1,30.19165
center_1584,left_1584, right_1584,0,1,30.18982
center_1585,left_1585, right_1585,0,1,30.1902
center_1586,left_1586, right_1586,0,1,30.19025
center_1587,left_1587, right_1587,0,1,30.19024
center_1588,left_1588, right_1588,0,1,30.19025
center_1589,left_1589, right_1589,-0.4489317,1,30.15201
center_1590,left_1590, right_1590,-0.05975962,1,30.18933
center_1591,left_1591, right_1591,0,1,30.18908
center_1592,left_1592, right_1592,0,1,30.19021
center_1593,left_1593, right_1593,0,1,30.19037
center_1594,left_1594, right_1594,0,1,30.19038
center_1595,left_1595, right_1595,0,1,30.19036
center_1596,left_1596, right_1596,0,1,30.19038
center_1597,left_1597, right_1597,-0.3015418,1,30.1732
center_1598,left_1598, right_1598,-0.4765076,1,30.15869
center_1599,left_1599, right_1599,-0.1363764,1,30.19407
center_1600,left_1600, right_1600,0,1,30.18908
center_1601,left_1601, right_1601,0,1,30.19027
center_1602,left_1602, right_1602,0,1,30.19031
center_1603,left_1603, right_1603,0,1,30.1903
center_1604,left_1604, right_1604,0,1,30.19028
center_1605,left_1605, right_1605,0,1,30.19028
center_1606,left_1606, right_1606,0,1,30.1903
center_1607,left_1607, right_1607,0,1,30.19032
center_1608,left_1608, right_1608,0,1,30.18944
center_1609,left_1609, right_1609,0,1,30.19115
center_1610,left_1610, right_1610,0,1,30.18975
center_1611,left_1611, right_1611,0,1,30.19032
center_1612,left_1612, right_1612,0,1,30.19016
center_1613,left_1613, right_1613,0,1,30.19012
center_1614,left_1614, right_1614,0,1,30.19016
center_1615,left_1615, right_1615,0,1,30.19013
center_1616,left_1616, right_1616,0,1,30.19012
center_1617,left_1617, right_1617,0,1,30.19013
center_1618,left_1618, right_1618,0,1,30.19014
center_1619,left_1619, right_1619,0,1,30.19045
center_1620,left_1620, right_1620,0,1,30.1903
center_1621,left_1621, right_1621,0,1,30.19063
center_1622,left_1622, right_1622,0,1,30.19044
center_1623,left_1623, right_1623,0,1,30.19044
center_1624,left_1624, right_1624,0,1,30.19044
center_1625,left_1625, right_1625,0,1,30.19044
center_1626,left_1626, right_1626,0,1,30.19048
center_1627,left_1627, right_1627,0,1,30.19042
center_1628,left_1628, right_1628,0,1,30.19047
center_1629,left_1629, right_1629,0,1,30.18957
center_1630,left_1630, right_1630,0,1,30.19097
center_1631,left_1631, right_1631,0,1,30.18921
center_1632,left_1632, right_1632,0,1,30.19132
center_1633,left_1633, right_1633,0,1,30.19026
center_1634,left_1634, right_1634,0,1,30.19031
center_1635,left_1635, right_1635,0,1,30.1903
center_1636,left_1636, right_1636,0,1,30.19031
center_1637,left_1637, right_1637,-0.3772287,1,30.16173
center_1638,left_1638, right_1638,0,1,30.18824
center_1639,left_1639, right_1639,0,1,30.19013
center_1640,left_1640, right_1640,0,1,30.19044
center_1641,left_1641, right_1641,0,1,30.19029
center_1642,left_1642, right_1642,0,1,30.19031
center_1643,left_1643, right_1643,-0.3993065,1,30.15791
center_1644,left_1644, right_1644,-0.4819565,1,30.17294
center_1645,left_1645, right_1645,-0.1762176,1,30.19474
center_1646,left_1646, right_1646,0,1,30.18907
center_1647,left_1647, right_1647,0,1,30.19025
center_1648,left_1648, right_1648,0,1,30.1903
center_1649,left_1649, right_1649,0.4404566,1,30.16119
center_1650,left_1650, right_1650,0.09846568,1,30.18977
center_1651,left_1651, right_1651,0,1,30.18908
center_1652,left_1652, right_1652,0,1,30.18958
center_1653,left_1653, right_1653,0,1,30.1904
center_1654,left_1654, right_1654,0,1,30.19033
center_1655,left_1655, right_1655,-0.2255101,1,30.18113
center_1656,left_1656, right_1656,0,1,30.18992
center_1657,left_1657, right_1657,0,1,30.19013
center_1658,left_1658, right_1658,0,1,30.19013
center_1659,left_1659, right_1659,0,1,30.19014
center_1660,left_1660, right_1660,0.3317342,1,30.16199
center_1661,left_1661, right_1661,0,0.9145126,30.17511
center_1662,left_1662, right_1662,0,1,30.19058
center_1663,left_1663, right_1663,0,1,30.19044
center_1664,left_1664, right_1664,0,1,30.19074
center_1665,left_1665, right_1665,0,1,30.1906
center_1666,left_1666, right_1666,0,1,30.19005
center_1667,left_1667, right_1667,0,1,30.19034
center_1668,left_1668, right_1668,0,1,30.19047
center_1669,left_1669, right_1669,0,1,30.19025
center_1670,left_1670, right_1670,0,1,30.19031
center_1671,left_1671, right_1671,0,1,30.1903
center_1672,left_1672, right_1672,0,1,30.19029
center_1673,left_1673, right_1673,0,1,30.1903
center_1674,left_1674, right_1674,0,1,30.19029
center_1675,left_1675, right_1675,0,1,30.1903
center_1676,left_1676, right_1676,0,1,30.19029
center_1677,left_1677, right_1677,-0.3543627,1,30.16398
center_1678,left_1678, right_1678,0,1,30.18867
center_1679,left_1679, right_1679,0,1,30.19024
center_1680,left_1680, right_1680,0,1,30.19031
center_1681,left_1681, right_1681,0,1,30.19029
center_1682,left_1682, right_1682,-0.3321204,1,30.1715
center_1683,left_1683, right_1683,0,1,30.18822
center_1684,left_1684, right_1684,0,1,30.19023
center_1685,left_1685, right_1685,0,1,30.1903
center_1686,left_1686, right_1686,0,1,30.19028
center_1687,left_1687, right_1687,0,1,30.19031
center_1688,left_1688, right_1688,0,1,30.1903
center_1689,left_1689, right_1689,0,1,30.19029
center_1690,left_1690, right_1690,0,1,30.19029
center_1691,left_1691, right_1691,0,1,30.1903
center_1692,left_1692, right_1692,0,1,30.19029
center_1693,left_1693, right_1693,0,1,30.1903
center_1694,left_1694, right_1694,0,1,30.19029
center_1695,left_1695, right_1695,0,1,30.1903
center_1696,left_1696, right_1696,0,1,30.19031
center_1697,left_1697, right_1697,0,1,30.1903
center_1698,left_1698, right_1698,0,1,30.19029
center_1699,left_1699, right_1699,0,1,30.19031
center_1700,left_1700, right_1700,0,1,30.19029
center_1701,left_1701, right_1701,0,1,30.1903
center_1702,left_1702, right_1702,0,1,30.19029
center_1703,left_1703, right_1703,0,1,30.19031
center_1704,left_1704, right_1704,0,1,30.19029
center_1705,left_1705, right_1705,0,1,30.1903
center_1706,left_1706, right_1706,0,1,30.1903
center_1707,left_1707, right_1707,0,1,30.19029
center_1708,left_1708, right_1708,-0.301755,1,30.17305
center_1709,left_1709, right_1709,0,1,30.18978
center_1710,left_1710, right_1710,0,1,30.19034
center_1711,left_1711, right_1711,0,1,30.19031
center_1712,left_1712, right_1712,0,0.6013601,30.0826
center_1713,left_1713, right_1713,0,0.29422,30.02965
center_1714,left_1714, right_1714,0,0,29.77778
center_1715,left_1715, right_1715,0,0,29.47643
center_1716,left_1716, right_1716,0,0,29.06291
center_1717,left_1717, right_1717,0,0,28.71306
center_1718,left_1718, right_1718,0,0,28.36743
center_1719,left_1719, right_1719,-0.1367934,0,27.95858
center_1720,left_1720, right_1720,0,0.08922887,27.65257
center_1721,left_1721, right_1721,0,0.4008837,27.73817
center_1722,left_1722, right_1722,0,0.7058187,28.22475
center_1723,left_1723, right_1723,0,1,29.0712
center_1724,left_1724, right_1724,0,1,30.19189
center_1725,left_1725, right_1725,-0.06860089,1,30.18912
center_1726,left_1726, right_1726,-0.1959421,1,30.18846
center_1727,left_1727, right_1727,0,1,30.18984
center_1728,left_1728, right_1728,0,1,30.19026
center_1729,left_1729, right_1729,0,1,30.1903
center_1730,left_1730, right_1730,0,1,30.19029
center_1731,left_1731, right_1731,0,1,30.19031
center_1732,left_1732, right_1732,0,1,30.1903
center_1733,left_1733, right_1733,0,1,30.19034
center_1734,left_1734, right_1734,0,1,30.19031
center_1735,left_1735, right_1735,0,1,30.19032
center_1736,left_1736, right_1736,0,1,30.19025
center_1737,left_1737, right_1737,0,1,30.1903
center_1738,left_1738, right_1738,0,1,30.19031
center_1739,left_1739, right_1739,0,1,30.19029
center_1740,left_1740, right_1740,0,1,30.1903
center_1741,left_1741, right_1741,0,1,30.19031
center_1742,left_1742, right_1742,0,1,30.19027
center_1743,left_1743, right_1743,0,1,30.19029
center_1744,left_1744, right_1744,0,1,30.19031
center_1745,left_1745, right_1745,0,1,30.1903
center_1746,left_1746, right_1746,0,1,30.19028
center_1747,left_1747, right_1747,0,1,30.19034
center_1748,left_1748, right_1748,0,1,30.19031
center_1749,left_1749, right_1749,0,1,30.19027
center_1750,left_1750, right_1750,0,1,30.19031
center_1751,left_1751, right_1751,0,1,30.19028
center_1752,left_1752, right_1752,0,1,30.19029
center_1753,left_1753, right_1753,0,1,30.19029
center_1754,left_1754, right_1754,0,1,30.19029
center_1755,left_1755, right_1755,0,1,30.19028
center_1756,left_1756, right_1756,-0.3570993,1,30.16195
center_1757,left_1757, right_1757,-0.04320931,1,30.19069
center_1758,left_1758, right_1758,0,1,30.18991
center_1759,left_1759, right_1759,0,1,30.19016
center_1760,left_1760, right_1760,0,1,30.19027
center_1761,left_1761, right_1761,0,1,30.19029
center_1762,left_1762, right_1762,0,1,30.1903
center_1763,left_1763, right_1763,0,1,30.19027
center_1764,left_1764, right_1764,0,1,30.19034
center_1765,left_1765, right_1765,0,1,30.19032
center_1766,left_1766, right_1766,0,1,30.19026
center_1767,left_1767, right_1767,0,1,30.19029
center_1768,left_1768, right_1768,0,1,30.19028
center_1769,left_1769, right_1769,0,1,30.19031
center_1770,left_1770, right_1770,0,1,30.19032
center_1771,left_1771, right_1771,0,1,30.19029
center_1772,left_1772, right_1772,0,1,30.1901
center_1773,left_1773, right_1773,0,1,30.1903
center_1774,left_1774, right_1774,0,1,30.19031
center_1775,left_1775, right_1775,0,1,30.19028
center_1776,left_1776, right_1776,0,1,30.19032
center_1777,left_1777, right_1777,0,1,30.19027
center_1778,left_1778, right_1778,0,1,30.19031
center_1779,left_1779, right_1779,0,1,30.1903
center_1780,left_1780, right_1780,0,1,30.19028
center_1781,left_1781, right_1781,-0.07934117,1,30.18823
center_1782,left_1782, right_1782,-0.2173533,1,30.18587
center_1783,left_1783, right_1783,0,1,30.1897
center_1784,left_1784, right_1784,0,1,30.19028
center_1785,left_1785, right_1785,0,1,30.19032
center_1786,left_1786, right_1786,-0.407778,1,30.15472
center_1787,left_1787, right_1787,-0.09716105,1,30.1916
center_1788,left_1788, right_1788,0,1,30.18966
center_1789,left_1789, right_1789,0,1,30.19023
center_1790,left_1790, right_1790,0,1,30.19029
center_1791,left_1791, right_1791,0,1,30.19029
center_1792,left_1792, right_1792,0,1,30.19029
center_1793,left_1793, right_1793,0.4800961,1,30.16032
center_1794,left_1794, right_1794,0.1015742,1,30.19
center_1795,left_1795, right_1795,0,1,30.18979
center_1796,left_1796, right_1796,0,1,30.19027
center_1797,left_1797, right_1797,0,1,30.19031
center_1798,left_1798, right_1798,-0.4132111,1,30.15324
center_1799,left_1799, right_1799,-0.1068785,1,30.19119
center_1800,left_1800, right_1800,0,1,30.18962
center_1801,left_1801, right_1801,0,1,30.19008
center_1802,left_1802, right_1802,0,1,30.19048
center_1803,left_1803, right_1803,-0.4307613,1,30.165
center_1804,left_1804, right_1804,-0.0588963,1,30.18836
center_1805,left_1805, right_1805,0,1,30.19015
center_1806,left_1806, right_1806,0,1,30.19027
center_1807,left_1807, right_1807,0,1,30.19034
center_1808,left_1808, right_1808,0,1,30.19024
center_1809,left_1809, right_1809,0,1,30.19031
center_1810,left_1810, right_1810,0,1,30.1903
center_1811,left_1811, right_1811,0,1,30.19031
center_1812,left_1812, right_1812,0,1,30.19033
center_1813,left_1813, right_1813,0,1,30.19035
center_1814,left_1814, right_1814,0,1,30.19027
center_1815,left_1815, right_1815,-0.3439114,1,30.16963
center_1816,left_1816, right_1816,-0.03718829,1,30.19055
center_1817,left_1817, right_1817,0,1,30.19011
center_1818,left_1818, right_1818,0,1,30.19028
center_1819,left_1819, right_1819,0,1,30.19029
center_1820,left_1820, right_1820,0,1,30.19031
center_1821,left_1821, right_1821,0,1,30.19024
center_1822,left_1822, right_1822,0,1,30.19025
center_1823,left_1823, right_1823,0,1,30.1903
center_1824,left_1824, right_1824,0,1,30.19028
center_1825,left_1825, right_1825,0,1,30.19029
center_1826,left_1826, right_1826,0,1,30.19028
center_1827,left_1827, right_1827,0,1,30.19031
center_1828,left_1828, right_1828,0,1,30.19032
center_1829,left_1829, right_1829,0,1,30.19029
center_1830,left_1830, right_1830,-0.34971,1,30.16866
center_1831,left_1831, right_1831,-0.5122054,1,30.16772
center_1832,left_1832, right_1832,-0.1886315,1,30.19436
center_1833,left_1833, right_1833,0,1,30.18903
center_1834,left_1834, right_1834,0,1,30.18992
center_1835,left_1835, right_1835,0,1,30.18985
center_1836,left_1836, right_1836,0,1,30.19027
center_1837,left_1837, right_1837,0.06152701,1,30.18862
center_1838,left_1838, right_1838,0.3655407,1,30.16533
center_1839,left_1839, right_1839,0.05864096,1,30.18987
center_1840,left_1840, right_1840,0,1,30.19013
center_1841,left_1841, right_1841,0,1,30.19036
center_1842,left_1842, right_1842,0,1,30.1904
center_1843,left_1843, right_1843,0,1,30.19042
center_1844,left_1844, right_1844,-0.1357713,1,30.18513
center_1845,left_1845, right_1845,0,1,30.19079
center_1846,left_1846, right_1846,0,1,30.19099
center_1847,left_1847, right_1847,0,1,30.19085
center_1848,left_1848, right_1848,0,1,30.19043
center_1849,left_1849, right_1849,-0.3126419,1,30.17134
center_1850,left_1850, right_1850,-0.3768955,1,30.18222
center_1851,left_1851, right_1851,0,1,30.18503
center_1852,left_1852, right_1852,0,1,30.18981
center_1853,left_1853, right_1853,0,1,30.19016
center_1854,left_1854, right_1854,0,1,30.19031
center_1855,left_1855, right_1855,0,1,30.19028
center_1856,left_1856, right_1856,0,1,30.19026
center_1857,left_1857, right_1857,-0.3318179,1,30.17128
center_1858,left_1858, right_1858,-0.4144886,1,30.18383
center_1859,left_1859, right_1859,-0.01815248,1,30.18379
center_1860,left_1860, right_1860,0,1,30.19001
center_1861,left_1861, right_1861,0,1,30.19032
center_1862,left_1862, right_1862,0,1,30.19029
center_1863,left_1863, right_1863,0,1,30.19032
center_1864,left_1864, right_1864,-0.3576901,1,30.16826
center_1865,left_1865, right_1865,-0.695559,1,30.12444
center_1866,left_1866, right_1866,-0.3391829,1,30.19546
center_1867,left_1867, right_1867,-0.02980471,1,30.18966
center_1868,left_1868, right_1868,0,1,30.19124
center_1869,left_1869, right_1869,0,1,30.18935
center_1870,left_1870, right_1870,0.3294747,1,30.17094
center_1871,left_1871, right_1871,0,1,30.18731
center_1872,left_1872, right_1872,0,1,30.19012
center_1873,left_1873, right_1873,0,1,30.19018
center_1874,left_1874, right_1874,0,1,30.19017
center_1875,left_1875, right_1875,0,1,30.19195
center_1876,left_1876, right_1876,0,1,30.19057
center_1877,left_1877, right_1877,0,1,30.1917
center_1878,left_1878, right_1878,0,1,30.19081
center_1879,left_1879, right_1879,-0.3213966,1,30.17006
center_1880,left_1880, right_1880,-0.3759549,1,30.18222
center_1881,left_1881, right_1881,0,1,30.18624
center_1882,left_1882, right_1882,0,1,30.18975
center_1883,left_1883, right_1883,0,1,30.19135
center_1884,left_1884, right_1884,-0.3580592,1,30.16656
center_1885,left_1885, right_1885,-0.0106802,1,30.19043
center_1886,left_1886, right_1886,0,1,30.1905
center_1887,left_1887, right_1887,0,1,30.19029
center_1888,left_1888, right_1888,0,1,30.19039
center_1889,left_1889, right_1889,0,1,30.1903
center_1890,left_1890, right_1890,-0.06705594,1,30.18921
center_1891,left_1891, right_1891,-0.3776944,1,30.16241
center_1892,left_1892, right_1892,-0.03606033,1,30.19053
center_1893,left_1893, right_1893,0,1,30.19015
center_1894,left_1894, right_1894,0,1,30.19064
center_1895,left_1895, right_1895,0,1,30.19032
center_1896,left_1896, right_1896,0,1,30.19031
center_1897,left_1897, right_1897,0,1,30.19032
center_1898,left_1898, right_1898,-0.3607206,1,30.16768
center_1899,left_1899, right_1899,-0.03481579,1,30.19052
center_1900,left_1900, right_1900,0,1,30.18997
center_1901,left_1901, right_1901,0,1,30.19031
center_1902,left_1902, right_1902,0,1,30.19031
center_1903,left_1903, right_1903,0,1,30.19029
center_1904,left_1904, right_1904,0,1,30.19031
center_1905,left_1905, right_1905,0,1,30.19038
center_1906,left_1906, right_1906,0,1,30.19029
center_1907,left_1907, right_1907,-0.3268976,1,30.17085
center_1908,left_1908, right_1908,-0.4088495,1,30.17941
center_1909,left_1909, right_1909,-0.04173017,1,30.18747
center_1910,left_1910, right_1910,0,1,30.19006
center_1911,left_1911, right_1911,0,1,30.19031
center_1912,left_1912, right_1912,0,1,30.19034
center_1913,left_1913, right_1913,0,1,30.19031
center_1914,left_1914, right_1914,0,1,30.19031
center_1915,left_1915, right_1915,0,1,30.18984
center_1916,left_1916, right_1916,0.4100761,1,30.15961
center_1917,left_1917, right_1917,0.06707382,1,30.19083
center_1918,left_1918, right_1918,0,1,30.18999
center_1919,left_1919, right_1919,0,1,30.19067
center_1920,left_1920, right_1920,0,1,30.1903
center_1921,left_1921, right_1921,0,1,30.19101
center_1922,left_1922, right_1922,0,1,30.19025
center_1923,left_1923, right_1923,0,1,30.19029
center_1924,left_1924, right_1924,0,1,30.19026
center_1925,left_1925, right_1925,-0.3289289,1,30.17213
center_1926,left_1926, right_1926,-0.02275229,1,30.19015
center_1927,left_1927, right_1927,0,1,30.19002
center_1928,left_1928, right_1928,0,1,30.19034
center_1929,left_1929, right_1929,0,1,30.19027
center_1930,left_1930, right_1930,0,1,30.19028
center_1931,left_1931, right_1931,0,1,30.19028
center_1932,left_1932, right_1932,0,1,30.19029
center_1933,left_1933, right_1933,0,1,30.1903
center_1934,left_1934, right_1934,-0.277653,1,30.17638
center_1935,left_1935, right_1935,-0.009392738,1,30.19018
center_1936,left_1936, right_1936,0,1,30.19008
center_1937,left_1937, right_1937,0,1,30.19028
center_1938,left_1938, right_1938,0,1,30.19031
center_1939,left_1939, right_1939,0,1,30.19029
center_1940,left_1940, right_1940,0,1,30.19029
center_1941,left_1941, right_1941,0,1,30.19031
center_1942,left_1942, right_1942,-0.3058648,1,30.17327
center_1943,left_1943, right_1943,0,1,30.18952
center_1944,left_1944, right_1944,0,1,30.19022
center_1945,left_1945, right_1945,0,1,30.19027
center_1946,left_1946, right_1946,0,1,30.19031
center_1947,left_1947, right_1947,0,1,30.19029
center_1948,left_1948, right_1948,0,1,30.19028
center_1949,left_1949, right_1949,0,1,30.19031
center_1950,left_1950, right_1950,0,1,30.19029
center_1951,left_1951, right_1951,0,1,30.19018
center_1952,left_1952, right_1952,-0.03393388,1,30.19038
center_1953,left_1953, right_1953,0,1,30.19017
center_1954,left_1954, right_1954,0,1,30.19028
center_1955,left_1955, right_1955,0,1,30.19029
center_1956,left_1956, right_1956,0,1,30.17789
center_1957,left_1957, right_1957,0,1,30.08454
center_1958,left_1958, right_1958,0,0.6454356,30.11464
center_1959,left_1959, right_1959,0,0.2399557,29.95967
center_1960,left_1960, right_1960,0,0,29.6811
center_1961,left_1961, right_1961,0,0,29.38094
center_1962,left_1962, right_1962,0,0,29.02517
center_1963,left_1963, right_1963,0,0,28.73196
center_1964,left_1964, right_1964,0,0,28.4417
center_1965,left_1965, right_1965,0,0,28.09723
center_1966,left_1966, right_1966,0,0,27.75691
center_1967,left_1967, right_1967,0,0,27.47645
center_1968,left_1968, right_1968,0,0,27.03355
center_1969,left_1969, right_1969,0,0,26.65185
center_1970,left_1970, right_1970,0,0,26.27549
center_1971,left_1971, right_1971,0,0,25.95712
